id	filename
5dc8cf06-98c7-4552-b64d-80304abc70de	563682fe-a266-4e32-85cd-1c785856892f.wxs.aliquot_ensemble_masked.maf.gz
3015eea2-632f-4290-99eb-76e8d88a14f2	074862f2-acbf-4141-a72a-da28c9cb5f39.wxs.aliquot_ensemble_masked.maf.gz
0ab3b1d5-6990-4918-9cfb-77e3a749d199	93ebfbac-d457-41f8-9fa1-1b65c4589fc8.wxs.aliquot_ensemble_masked.maf.gz
b83cff33-e595-4835-8e5f-f03cc0713016	91bc73cd-f60f-4723-9aed-c7043e2ba529.wxs.aliquot_ensemble_masked.maf.gz
1efa25a1-2998-4d61-a02c-f112e98322c4	d79c2668-6f1e-4736-ac9e-08e7fa58321d.wxs.aliquot_ensemble_masked.maf.gz
d0aef9a8-1d05-40c0-8225-e8ea61e5f8d3	5b04d9eb-98b0-4aff-8168-53a6b31bd9c5.wxs.aliquot_ensemble_masked.maf.gz
2f6ef881-200b-4bc4-960c-fce2a6609da2	3ad830a1-e586-4423-adeb-859a09225081.wxs.aliquot_ensemble_masked.maf.gz
78e931f1-010b-4321-9b21-f60fa0f95f06	0bfa896a-57ec-4fa5-adc4-bc78c3478ed7.wxs.aliquot_ensemble_masked.maf.gz
b6171ad0-d84d-46c2-adaa-500b7b45bbbb	1e6b8d4b-6a0f-4c9d-af8c-5a6f592aa5fb.wxs.aliquot_ensemble_masked.maf.gz
6bfa1e21-392f-4400-be5e-74deba5cb673	b044473a-8ac7-4fca-928e-274b08fa8e06.wxs.aliquot_ensemble_masked.maf.gz
cc56a73a-86b6-4289-9f1f-c4f86f3e9870	80d84e51-81ac-4eee-b33f-9aec47ac3ab8.wxs.aliquot_ensemble_masked.maf.gz
8f1edc95-995a-49aa-88b4-23669a44cf55	47068684-1d50-4040-98ac-37e1fc63ca93.wxs.aliquot_ensemble_masked.maf.gz
740953ea-eeb5-4052-9385-28527d26fc4e	aad956cb-4fda-4148-abdc-23f0a65b3db5.wxs.aliquot_ensemble_masked.maf.gz
b8796b76-d1b1-4bbf-b6b1-f06cb3b3ee53	0307f560-777b-4492-bffd-8eacae8da208.wxs.aliquot_ensemble_masked.maf.gz
4715acb3-753d-4406-894b-ad2c09f0ef17	b7164f90-cccb-4cdc-8f7d-b728d923953f.wxs.aliquot_ensemble_masked.maf.gz
082e03c5-f49f-455e-9e6d-b477b962deca	e1a5102c-e7b6-49fd-b4a2-32a10936ab55.wxs.aliquot_ensemble_masked.maf.gz
32b0df94-fc9d-4a51-b207-37c844f4e931	3a2e1f32-0d07-45f5-8567-f6310bdfd9d3.wxs.aliquot_ensemble_masked.maf.gz
8c1e1479-7719-4391-b758-89526fe6bb26	4f32b0dd-1d38-4f67-9ea1-cd5a6fff7895.wxs.aliquot_ensemble_masked.maf.gz
715bb9b5-0819-4e8e-9efe-f38e24d9f142	a508d3c7-72da-4149-84a0-292da3558fb8.wxs.aliquot_ensemble_masked.maf.gz
06ce81ad-a9fd-4f9c-9c7e-1ddbd8ec9d29	c07a24a8-cdb2-4ae2-af2c-33848f15159f.wxs.aliquot_ensemble_masked.maf.gz
02ddde9e-c1d4-443b-95fa-1cb9ebcf30b6	433f9e13-9954-4055-8d1a-e0353dc1e878.wxs.aliquot_ensemble_masked.maf.gz
4236883f-0c7e-442e-822e-86fc41b8dbe3	33467953-393f-4b0b-82f0-6714ce0b75f4.wxs.aliquot_ensemble_masked.maf.gz
4306ab9b-e5b6-44b7-a1d1-0e83703582bb	c9c2b011-b8a1-4247-adca-4e9578cc52ec.wxs.aliquot_ensemble_masked.maf.gz
0c4b4e72-abfc-4f2c-b2d8-cfa019c0f548	fee4c11a-1bad-4007-82c2-f707ac2c7f4b.wxs.aliquot_ensemble_masked.maf.gz
fef0254b-58ac-4c65-b83b-d862beb6ce47	31d384da-0ab2-4dd8-ac9e-cf5173df8a7a.wxs.aliquot_ensemble_masked.maf.gz
7e386d75-2dbc-4138-b3b0-106776179898	33dc49d5-7334-4a38-9c77-7fe22e60813b.wxs.aliquot_ensemble_masked.maf.gz
a97a7f5f-1cfb-475e-93f3-aef0583da7ea	bc6315e3-b3cf-4474-8335-cb98e500833e.wxs.aliquot_ensemble_masked.maf.gz
4043db72-f008-44d3-b59d-660a2272e4b8	f4d7bedd-5236-4302-876e-485fc1e8b185.wxs.aliquot_ensemble_masked.maf.gz
93cd07f3-bf6b-4d35-8c5a-483bd2ce7221	d4769f0f-f678-4a7b-9941-f08c4725ea61.wxs.aliquot_ensemble_masked.maf.gz
7c66bb58-dc9f-4682-815d-d253f23a0283	6afd19e1-f1cd-436a-ab7d-2b622d3d0e25.wxs.aliquot_ensemble_masked.maf.gz
42976f01-b92f-4136-b17f-17ab049bebab	52aa7cf8-590e-4207-ac94-4d9b4408a877.wxs.aliquot_ensemble_masked.maf.gz
e101ac05-6e7f-4158-9050-f60305af13f1	62d604e0-2250-407f-99d8-ef5a858dcd9c.wxs.aliquot_ensemble_masked.maf.gz
12be6421-142b-47f2-889c-68f983d091ba	3cf9bf59-9c38-4e3c-b443-f742257b9a45.wxs.aliquot_ensemble_masked.maf.gz
c386bb76-de34-4b20-b0c9-f03a8b5047bb	5d96a89e-554d-42d2-835e-660ba5f5a325.wxs.aliquot_ensemble_masked.maf.gz
2f5be210-1503-4a47-9b50-77ecc20ae7eb	9a9facde-8f8f-41b5-b4dd-928e7f6e31ec.wxs.aliquot_ensemble_masked.maf.gz
ec50aaca-7d12-4c2e-80ad-17b8d5f37521	5c1e02ab-f005-460e-b015-cae32da78fd7.wxs.aliquot_ensemble_masked.maf.gz
099f0c40-3daf-4dcc-81e1-c56898003f56	5a5fd931-fd5e-40c8-8110-0b66adf436b9.wxs.aliquot_ensemble_masked.maf.gz
9aed36b2-ad1b-489d-b953-f1788c85d637	97151b4e-51dc-4d9b-a158-47eae00b84b9.wxs.aliquot_ensemble_masked.maf.gz
3c95d846-6ef5-4810-a389-7444d4873fef	ddb4676c-ef89-4187-9aee-8960d4782bd0.wxs.aliquot_ensemble_masked.maf.gz
bee4438b-3fbe-4a18-ba0e-749b7c399520	343bc0d2-67fc-4446-bfb7-1e1c57ace519.wxs.aliquot_ensemble_masked.maf.gz
68d530f4-0421-44fa-bf5b-6140a19d35a6	ca188462-1ecc-4a87-9897-680ac7ce193f.wxs.aliquot_ensemble_masked.maf.gz
7fa9482e-04e2-4a9d-b245-ed37eb5d0ba1	dfb7c0a5-0c5f-46e8-9f0c-f7c53330322b.wxs.aliquot_ensemble_masked.maf.gz
fbf056f2-8cd3-4ad1-83a1-608f41362823	7a5fb9c5-bc52-4c7f-a65f-8660e7fca8d8.wxs.aliquot_ensemble_masked.maf.gz
51fa21b0-c1aa-4509-8957-4db955a9bcff	4fce196c-b38d-487a-b7d2-58c0f1bb24d2.wxs.aliquot_ensemble_masked.maf.gz
aef0b9f8-8760-458e-80ad-54c7264d3eb3	e0e451e5-6912-415e-8e45-747f229dff5a.wxs.aliquot_ensemble_masked.maf.gz
d61d17d6-916d-4f9e-b2bc-d878ccfad1c6	2b394698-3077-43ba-b32f-678399805f34.wxs.aliquot_ensemble_masked.maf.gz
e39fc5e4-1189-43d4-ae37-755097be758b	09f954ab-0a5a-4615-8a18-06a435bba86c.wxs.aliquot_ensemble_masked.maf.gz
b29ecd20-c063-4a22-8ea0-dc1c42fe9232	2a1ea736-4510-43b7-9cc8-11d437c1a50f.wxs.aliquot_ensemble_masked.maf.gz
b3405656-8b22-41e2-b049-f4837c2f0edc	3a49b1fd-2b78-4c15-ba62-42b0d2258e23.wxs.aliquot_ensemble_masked.maf.gz
7c91d8b3-b6cc-437e-9211-f2a9d1314411	037ecdc2-dc6a-45fd-8eb3-6fa1fc4db46e.wxs.aliquot_ensemble_masked.maf.gz
8e0d20ca-4628-4bd1-b8de-db0f29507693	f5ce9296-fb6b-46c7-96f0-147fb37ff33f.wxs.aliquot_ensemble_masked.maf.gz
d41b4708-0ccc-474f-84c8-b85e2f5795dc	6706798d-874b-4b44-a996-35b3c9a19aff.wxs.aliquot_ensemble_masked.maf.gz
b0e5f8aa-e144-4030-9b53-79783e53003f	c3ce02f8-cce9-40c0-bc0b-08f04007c95e.wxs.aliquot_ensemble_masked.maf.gz
5d69f35d-6cb6-43a1-a62a-85344ac5ea7f	80fb6a60-988b-4237-82e1-3694c5dc1306.wxs.aliquot_ensemble_masked.maf.gz
b21a13b1-96e6-4ba0-b2a4-1e0b5d9faccc	d3ef5781-b308-4b21-b2ce-d137612b4279.wxs.aliquot_ensemble_masked.maf.gz
55b4491c-b3b1-4d28-bd3e-e7fdf6ccb4c5	ddf9889b-9391-4905-876c-ae739de2fc1b.wxs.aliquot_ensemble_masked.maf.gz
fde996d6-190e-4084-9b51-ab8b9e9ceea6	f4899380-8783-4cdb-93fb-862e8f9ff402.wxs.aliquot_ensemble_masked.maf.gz
7372ac4c-0221-4164-9dee-e772286dfae3	c7428d58-9e53-472c-8389-a812480e0686.wxs.aliquot_ensemble_masked.maf.gz
ce22aa4c-5954-4e6a-aeaa-416839ee9376	93ea1822-8a18-4c09-a0ab-e74225938a59.wxs.aliquot_ensemble_masked.maf.gz
101c7666-42ea-45d9-8288-16a3cbd47274	1a47b275-62bc-42a1-8543-65caaacf5ed3.wxs.aliquot_ensemble_masked.maf.gz
8416388e-8a30-441d-b14b-bfcec4daf78a	455d27a7-9bca-4f47-86ce-38afccfe9ab5.wxs.aliquot_ensemble_masked.maf.gz
b4d95448-280a-432c-adc2-c04dfd8944a2	a1957b5d-d45b-4556-9352-3af184e725f2.wxs.aliquot_ensemble_masked.maf.gz
28b17e7d-8b8b-42c4-acc7-9397f52c1773	4da39cd3-7acc-4cc1-b877-1220d09f0bdb.wxs.aliquot_ensemble_masked.maf.gz
683d979f-0ced-4839-b61b-c26f065c1da6	f099efdd-6021-4afd-9748-733e5056c0a4.wxs.aliquot_ensemble_masked.maf.gz
b7950351-3e23-423f-b59d-4a3a0d411fa9	55899746-38e3-4a9c-87c2-dac4de6b693e.wxs.aliquot_ensemble_masked.maf.gz
663280fe-02ec-4470-b033-3f45b7364c6a	67691429-74f6-40fb-9c68-f408138b1dad.wxs.aliquot_ensemble_masked.maf.gz
1140a1ab-bec5-4884-bf42-ec7eb80756dd	6b7a0b2a-d183-4ea9-a938-3542e279457e.wxs.aliquot_ensemble_masked.maf.gz
009254a2-ea81-4c76-8044-7267a9f81364	dcc71d2d-9707-4234-a3e7-49b9cf977250.wxs.aliquot_ensemble_masked.maf.gz
bc70453f-1898-4235-95d2-bb163a09d767	150f8a17-f186-4f5f-8368-824ff22f2ebd.wxs.aliquot_ensemble_masked.maf.gz
6621a8f6-e61c-4c68-b042-eac761721381	98fb39e9-baa9-45eb-9024-8066f648fa65.wxs.aliquot_ensemble_masked.maf.gz
897fa266-afac-4ab7-90d0-5046444486fc	2b2866bb-5427-439d-b155-37542e596c48.wxs.aliquot_ensemble_masked.maf.gz
ef78dde5-6e3d-45f9-ae5c-59b2ccdd867d	6c850269-c292-4b95-a22a-3e6cb8e54b18.wxs.aliquot_ensemble_masked.maf.gz
d9c46dd7-be43-4e5a-b1d0-c7279d6b6d54	b0f91091-0153-488d-85b7-4544a0e22c1f.wxs.aliquot_ensemble_masked.maf.gz
c85e7461-3613-4c69-bf55-aa8e8fe191ad	ae8bbb73-9bc2-4347-a7f5-8e57de1668ef.wxs.aliquot_ensemble_masked.maf.gz
84bd7d30-18aa-4178-99ff-717360005681	5fe6f1f9-2825-47e1-84cd-6e45a6b34d9c.wxs.aliquot_ensemble_masked.maf.gz
470b8e24-fe52-48ef-a2ff-dccc721d7a8b	17aa2bf6-e83b-4a21-895b-af624c4da749.wxs.aliquot_ensemble_masked.maf.gz
c2d5187b-f6a7-47c9-b9b8-fd99d5879d1a	f6aba9b1-3310-4e09-b3c4-4b336740596b.wxs.aliquot_ensemble_masked.maf.gz
b6b0bda5-6719-4a69-a6b1-725815bfc49f	959dd170-dc8a-4167-894b-a6ab117f8d9d.wxs.aliquot_ensemble_masked.maf.gz
c7910d9c-92e7-4992-b68f-6a35a93ff6b7	f2cfacbc-a824-4568-89db-6aca0d06af74.wxs.aliquot_ensemble_masked.maf.gz
9f710d18-73e3-4576-8397-345d60eaa9e5	ae3ab4b5-d0a4-473d-8e34-d4ca663cd27a.wxs.aliquot_ensemble_masked.maf.gz
6228cd71-8166-4c66-baee-187e38153782	50473d0b-6103-4da0-a6aa-348d65f991f7.wxs.aliquot_ensemble_masked.maf.gz
69adb489-727b-4be4-afd8-86ac2f5c51dc	685a6b26-e270-4683-aebe-611c946a3dba.wxs.aliquot_ensemble_masked.maf.gz
be733141-d5f0-4e24-b512-2eaa9786d6ee	df1cc429-8eca-449c-83c4-8f0d69613bd1.wxs.aliquot_ensemble_masked.maf.gz
8a0ad5f7-749a-487d-952a-603ec1a5de50	e4345630-2e05-4fa2-9009-164fa62c4c4f.wxs.aliquot_ensemble_masked.maf.gz
ad4ea433-b13d-4e71-b2ce-892f9fe33414	123c7e5a-f6d5-45a9-99c6-cde57849ebab.wxs.aliquot_ensemble_masked.maf.gz
3050678f-ea4a-419a-9553-ade8d2411e88	1146eae8-cf57-410f-9637-7e404ebcc274.wxs.aliquot_ensemble_masked.maf.gz
88431233-111a-4901-b746-4a6d25f54c95	4e0e8e8d-425d-4046-a4c1-0ae04f7adff0.wxs.aliquot_ensemble_masked.maf.gz
6867f860-8669-4788-a3e3-f4e22380986f	fe36c53b-029a-473c-9277-aa9663cb020e.wxs.aliquot_ensemble_masked.maf.gz
56ee7c04-78c2-4484-bbff-7bca5056a4e3	2f2bb436-47e8-4f0e-840f-13073e79be16.wxs.aliquot_ensemble_masked.maf.gz
fd460fa4-1c27-4f4f-ba40-6e0bc0857bd5	07bbadef-2815-4742-a5d4-ec8af2b9610f.wxs.aliquot_ensemble_masked.maf.gz
32b00d18-e064-44d7-ada0-78ff1a8160b7	80e03a98-f4e8-42a8-9b6e-5b502222690b.wxs.aliquot_ensemble_masked.maf.gz
879297cc-5afe-48aa-9a38-e8b1c6fe0a32	d30c9651-0eee-4446-aa6f-5dbbb1c3cab4.wxs.aliquot_ensemble_masked.maf.gz
b7e50c64-0f35-4c1f-82cd-140b64b0b4b8	a34b1b60-ae5a-46a4-b0a2-f6d2366e4f9b.wxs.aliquot_ensemble_masked.maf.gz
cbb774df-457d-4346-83fd-c4222929906e	de3d8411-e578-4519-8785-2d0794a1dcad.wxs.aliquot_ensemble_masked.maf.gz
e07a5517-ab7e-4367-971b-7719c3273a1c	b342cdbc-5af1-4ed9-baf3-d7c129ee75a7.wxs.aliquot_ensemble_masked.maf.gz
31bf0f34-6f72-450f-8aef-72107c21af1a	43284a2d-bc4f-4ef1-b2f8-591652897c4e.wxs.aliquot_ensemble_masked.maf.gz
ca656ad9-cb41-490a-9f6e-3b308b640a94	241a7084-76d4-4e1d-83cf-b119b2d12cf4.wxs.aliquot_ensemble_masked.maf.gz
cce0f20b-ae33-43f3-9b5c-583d02611eea	70e49dda-c41a-492b-b841-ef3155c006a5.wxs.aliquot_ensemble_masked.maf.gz
99f5aa40-a043-420d-9ec8-9f7f1a420376	6c61a0df-1228-4052-b28c-38c44e3d4e60.wxs.aliquot_ensemble_masked.maf.gz
05ac6fda-3c72-44c9-99c0-2b466ef1c2ab	bad7aa24-1d36-4d5e-8766-34578be3d624.wxs.aliquot_ensemble_masked.maf.gz
ab6c6851-eef1-409a-9de6-d566cbfd31a1	09a2b0ba-0978-48ff-aede-a989eafb7275.wxs.aliquot_ensemble_masked.maf.gz
b1211dbb-5d1a-48c2-8ff5-f92a0bbbd232	1e76b510-baea-41cf-b6be-365060c7a45d.wxs.aliquot_ensemble_masked.maf.gz
582ecb35-f147-4b97-9c80-d1ebb0affdd9	5f0ca642-beaa-41f5-827f-91e3a14a2cdb.wxs.aliquot_ensemble_masked.maf.gz
94863b6b-7cbe-4aa4-90a0-cb5a1fa25436	b9159d8c-37b7-43fc-bb66-5ef1c17ef8ff.wxs.aliquot_ensemble_masked.maf.gz
5282f995-7763-4acb-aa70-99e1d8f27272	59921574-8bc1-4fd9-b89c-ba571288ee9d.wxs.aliquot_ensemble_masked.maf.gz
e87a5ce4-3ac2-49db-80cd-1b0cec1a49bd	23323f4e-584a-42dd-b9c6-2ad74f2c9006.wxs.aliquot_ensemble_masked.maf.gz
085615ac-a63a-4092-81c6-7763dfc548a0	1c198ca7-c422-4ea5-928c-77f28fe14eeb.wxs.aliquot_ensemble_masked.maf.gz
8f6f8bf0-995b-4ce4-8700-aa120fb0043f	93f9639e-1efb-4f57-896e-c0bfff84982e.wxs.aliquot_ensemble_masked.maf.gz
6a1c704a-961a-4fe9-842c-620227b5c785	70b66624-d30b-4fed-b7aa-248efd0ac7c3.wxs.aliquot_ensemble_masked.maf.gz
f3783fb1-d04b-4132-bafc-ba27741c82e4	b20afb2e-7923-48fb-87c3-7ddaa8ed98c6.wxs.aliquot_ensemble_masked.maf.gz
374e13e1-98a8-4b65-94da-0d78ae51df5a	14826ad4-fe64-4f31-bb3e-8e2d57ad7f5f.wxs.aliquot_ensemble_masked.maf.gz
de548eba-a556-440e-a7d1-8a116bfb5cbd	29ef1b63-e1a7-405b-98a9-026de5d27ec2.wxs.aliquot_ensemble_masked.maf.gz
97d1d1f5-8247-4236-bd77-9ffbe40d345d	fb01c35f-7fb6-4fbb-9459-48cd37689ebe.wxs.aliquot_ensemble_masked.maf.gz
581a1ac5-d35d-4b74-af64-e81dac8b46d9	6c61f159-d09f-40db-be0e-69568ad9ff7a.wxs.aliquot_ensemble_masked.maf.gz
8554e9fc-5778-4a05-b034-541a5fc5b581	a1629ec0-3620-49d1-af78-771391afa0d9.wxs.aliquot_ensemble_masked.maf.gz
b3e2dcfc-552c-41fc-855b-b7e7e1019df0	67b52888-d1ea-40f9-b4dd-38ccb8aa949f.wxs.aliquot_ensemble_masked.maf.gz
1b9394ab-7d8c-4bbf-b431-2e01808cf08f	4023cc05-e2b4-44aa-af56-a8b6dd31bb15.wxs.aliquot_ensemble_masked.maf.gz
e681dafb-5643-465e-b2ad-b0f546e073a4	c8e7bc76-1055-4d13-b0c2-789f75e40796.wxs.aliquot_ensemble_masked.maf.gz
5ebaff32-1172-4b1b-bb0d-bf0b71b8c5fd	b1b055bf-b91a-4aeb-88a8-ef30662b2c22.wxs.aliquot_ensemble_masked.maf.gz
fd356323-7ae6-4429-a8ea-a5572c44301c	9b4ad7cb-594a-4876-b218-e4303162246f.wxs.aliquot_ensemble_masked.maf.gz
ffc4b353-7444-4aa7-9475-91eb3b999227	565656ba-031b-43a3-a339-a4b444358def.wxs.aliquot_ensemble_masked.maf.gz
873e2d89-7b01-4e6a-8221-5440fdd0a295	76e4d4b5-4964-43b7-8008-d160245f5c5d.wxs.aliquot_ensemble_masked.maf.gz
7ab6e0cc-73f2-481f-8c74-e89161f6c6ed	e8fd4269-c9e6-4f1d-be5f-eee80fc4b9fe.wxs.aliquot_ensemble_masked.maf.gz
3fce5f60-2af0-4b06-bc86-800f42d8e33e	b59f8f51-d09c-403b-8ad2-98c9bd65cfb5.wxs.aliquot_ensemble_masked.maf.gz
272f8df5-b85b-4fa9-b3ad-336c028d761a	b44c03fa-b8b0-40ad-9092-f3818640f4cf.wxs.aliquot_ensemble_masked.maf.gz
795d8614-476a-4404-8262-90002c19941c	f79d17cb-b7b3-453e-b4ca-92cd9197db02.wxs.aliquot_ensemble_masked.maf.gz
2adbac87-1656-4f60-b224-b10feef293ec	e65fc432-29d8-46b0-b083-84b673f70630.wxs.aliquot_ensemble_masked.maf.gz
010ba621-7ec1-452e-9115-b7ec5f9b37d2	45f13e24-9fba-4f78-a0ce-7da6b2b852f6.wxs.aliquot_ensemble_masked.maf.gz
afe8896f-ed8a-4c9a-972a-2b2b85afd56c	95ed9546-4bd8-4b48-b664-1e38829b23e3.wxs.aliquot_ensemble_masked.maf.gz
3c34b137-098b-4e76-9ed1-52e1be916fd0	15b7e9b4-d91b-4922-8716-823254743be6.wxs.aliquot_ensemble_masked.maf.gz
1005879f-0532-4dac-9b6c-7abeb335c778	32c34928-e19c-4f50-989b-ba32f2f946bd.wxs.aliquot_ensemble_masked.maf.gz
e3ceae3d-740d-429c-9627-6d6a6ec77947	00c2e7e1-5cac-4ff6-84ac-68d01caf2bd3.wxs.aliquot_ensemble_masked.maf.gz
d9b6674d-cad6-40bc-8902-036b8c1dfdc1	201b845c-183a-43b1-8fae-1cd17a3dcedd.wxs.aliquot_ensemble_masked.maf.gz
26d7b691-e994-4667-a0d9-38f1bb86e484	0c272376-5384-4ce1-877f-792d9732b04d.wxs.aliquot_ensemble_masked.maf.gz
327fe3d9-a1ba-413e-b37c-b07fc3ca2382	baa26760-7f80-4254-bb9d-ce5b8a3e320f.wxs.aliquot_ensemble_masked.maf.gz
a0f11989-c592-4d6b-a1ce-58f2a93cd7f0	d5ce47ea-a60d-4981-8cd7-6d6e13b08033.wxs.aliquot_ensemble_masked.maf.gz
44a776b7-0eb2-463c-ab1d-80c654278f56	e6954da3-287b-4a5f-b4de-e690fb8ed425.wxs.aliquot_ensemble_masked.maf.gz
9771081f-8e15-4df0-b25c-1c03c4a89ba6	9d21dcbc-0fcc-4694-aa8a-52f3a51a2ccb.wxs.aliquot_ensemble_masked.maf.gz
68b6cec2-1bbc-40c4-a374-e27915b124af	df4ec609-f306-4e2e-a658-7604b16b2618.wxs.aliquot_ensemble_masked.maf.gz
b9e60d1f-e1a5-4afd-bb85-8d7586646e45	10fd9e5a-9730-4ca1-a470-35eba9903ab7.wxs.aliquot_ensemble_masked.maf.gz
5eb83ba5-23cf-4a7e-b674-00191ffd8a8e	d29ef000-c302-4c1f-9f2d-8d95c9fff74e.wxs.aliquot_ensemble_masked.maf.gz
01e89769-e754-4eca-a5a3-b1b72ac4953f	751f6ac7-2f2a-4300-9ba4-87a92920d8bb.wxs.aliquot_ensemble_masked.maf.gz
a7e41e8a-57ac-4206-a300-ce3377059e5a	ede6b4a7-aa1d-4324-b91e-d842f7f7cdc6.wxs.aliquot_ensemble_masked.maf.gz
edf20538-8946-4b5d-963a-c6e86b8ff11e	e5f3a9e2-129f-4907-9896-a06522bfa165.wxs.aliquot_ensemble_masked.maf.gz
3cda202f-8669-48a7-a8ff-82f92284e7ea	a0df81cf-c644-43c0-a2e5-60c7a9fa5b12.wxs.aliquot_ensemble_masked.maf.gz
7d7063a3-af4b-48bf-b6ac-d1221d7ca1d4	148d11f3-a276-4c00-a261-767cf195309c.wxs.aliquot_ensemble_masked.maf.gz
e5c91e83-ea12-440d-a64c-0536b76fc20a	eaad93c1-4b61-4033-9369-77b43139fcec.wxs.aliquot_ensemble_masked.maf.gz
b54e06a8-fda6-4b84-bc02-b05c3c21b27c	20f884c7-1ac3-426a-8a51-aa3988bbde02.wxs.aliquot_ensemble_masked.maf.gz
45731335-5a61-4e1c-9d19-673daa536742	0ff570c3-f2f3-46fc-bd84-5054a3b87975.wxs.aliquot_ensemble_masked.maf.gz
67929cd7-8ce6-4fae-b44e-9c123366666e	0f9f350b-96b1-4e90-a103-624ab3289891.wxs.aliquot_ensemble_masked.maf.gz
d1b83294-f226-4a26-b60c-601ea22ba6b0	3fa2c611-fe96-41ec-8a00-2b46cd730896.wxs.aliquot_ensemble_masked.maf.gz
ed127c0c-4eea-4685-8ccf-b4706cab0dfa	0ca72b82-9c92-4c43-ad66-a0d2a6756cc6.wxs.aliquot_ensemble_masked.maf.gz
32f5e290-97c3-4945-9eb5-2448aaebd9c0	b3cd692a-a45a-4c6e-8b4d-f753e057fe92.wxs.aliquot_ensemble_masked.maf.gz
62dc818d-45a5-43c4-a29b-311fc55d6cf9	a7e655af-867c-4350-946c-9856fd1b4b22.wxs.aliquot_ensemble_masked.maf.gz
355df740-8958-4df9-a492-a76be0f9dd41	77852d43-b95d-4ba2-a901-f29ac0515558.wxs.aliquot_ensemble_masked.maf.gz
15a1e41c-d1b4-435d-816e-930c8731998e	5e374a19-87e1-41ed-9dd7-9fd2e653c13a.wxs.aliquot_ensemble_masked.maf.gz
b635cad7-32d0-497b-bb81-99beff246299	e44aa3c5-c177-4499-8b95-3c5c6db4e780.wxs.aliquot_ensemble_masked.maf.gz
3d6ba830-9507-4f57-b549-171e1b7019be	332e9129-de4d-4556-aed5-6d933a6f01a0.wxs.aliquot_ensemble_masked.maf.gz
6f90c03c-96f5-47dc-85fa-279c634b257e	d866327c-a734-4386-b4ca-7a30353baaa8.wxs.aliquot_ensemble_masked.maf.gz
74d1cc4f-9efa-4e3c-b6f4-8ba5808dc022	49a8516e-b2a5-4ed9-8994-95f72b1263e4.wxs.aliquot_ensemble_masked.maf.gz
a5705599-51bd-4f67-83ba-a1e1a1bdd62f	c8b0380b-818a-4689-a1dc-5bbecc611b7f.wxs.aliquot_ensemble_masked.maf.gz
3e44a213-5858-411a-80be-23104fb8066f	56b2a13b-1539-4ef2-ae60-e5a29c673f9a.wxs.aliquot_ensemble_masked.maf.gz
fc12fe01-bdd0-48c2-865e-35717f1c4c79	da73d463-b49a-48ec-85cd-20583a3c14ba.wxs.aliquot_ensemble_masked.maf.gz
e9b5f716-ee0e-46d6-a4ca-e2b9003a436a	963ab360-a6c6-4ceb-8546-be217ff8be35.wxs.aliquot_ensemble_masked.maf.gz
8c4c0cde-1001-4581-be34-e70690f2b57c	b177a9fa-07e6-44f4-ae06-0c52af71d0ab.wxs.aliquot_ensemble_masked.maf.gz
18b98442-0ada-44e7-a357-fd772524de60	7eeb9de9-ec08-41f3-8450-f8701c736fd2.wxs.aliquot_ensemble_masked.maf.gz
c1448109-b5b1-40cb-9427-099322af712f	5e1e9429-dfc2-47b0-963d-9b3152864ee8.wxs.aliquot_ensemble_masked.maf.gz
683b789b-dd99-4358-abb1-d345ddaf7cbb	1ca71ae5-bad9-4142-b00e-d9f74250bb62.wxs.aliquot_ensemble_masked.maf.gz
c1da8b3c-9372-482c-b448-6c4948f7bdfd	f9bf3014-14d5-469f-a101-acf2f5e128ee.wxs.aliquot_ensemble_masked.maf.gz
fcb7d2b1-add0-4e0c-8b76-db00bab3bd18	73608a3f-2456-4d89-a9d0-38bfbd8e0393.wxs.aliquot_ensemble_masked.maf.gz
8412af57-4d6f-44eb-be68-7c175c6b4be7	08b3fa43-ccda-4429-86aa-c61fe590c20b.wxs.aliquot_ensemble_masked.maf.gz
306d2308-a5f0-41a4-81b9-48e037117f23	3a03f1cb-556e-4051-bfe8-7c2bb4fc2c30.wxs.aliquot_ensemble_masked.maf.gz
5ee9ff69-bbba-4d72-a9f4-e2e4b282799e	9fb8bda1-9ca8-480d-9c64-08114554bf71.wxs.aliquot_ensemble_masked.maf.gz
f412cb0d-3502-40eb-aad0-f0ca27986ae0	59ee2866-a2d5-4544-804b-005bf4aee445.wxs.aliquot_ensemble_masked.maf.gz
cd44bad1-37f5-4191-8915-7da80c02f565	ade64044-3918-4bdc-a392-3e0663bc4424.wxs.aliquot_ensemble_masked.maf.gz
97975bd4-2fb8-460f-812b-bea62e380149	e5adc5a1-38a7-46c5-a65e-d4cf08c3cf3d.wxs.aliquot_ensemble_masked.maf.gz
73a2cb7b-27e6-4f65-94da-9c835ebf0921	78a71c8d-9b98-41b1-a206-3123f7cdddd7.wxs.aliquot_ensemble_masked.maf.gz
a75577ce-cb7c-4f0f-8244-42289449dcc9	1a8a2fa5-eff6-4e2d-8113-67b75e4d8134.wxs.aliquot_ensemble_masked.maf.gz
93453505-82df-4ab7-9c06-e100156891e2	c6848327-41a0-40dd-a47f-8050370ebf77.wxs.aliquot_ensemble_masked.maf.gz
597cdc66-17b0-496a-b51d-778df192aca7	3e9c84da-741e-4647-bc34-a17b4e637f0e.wxs.aliquot_ensemble_masked.maf.gz
a0da73e8-15b2-4fa5-b3b5-6e875f2aa960	478eb139-b068-4828-83da-baf2286cd424.wxs.aliquot_ensemble_masked.maf.gz
ab706b48-1249-48d6-8297-c1eb62617c6d	76e5dd02-95cd-4e1b-a79b-9a4a9a5bd4d8.wxs.aliquot_ensemble_masked.maf.gz
e98d04b5-71b8-49cb-979a-c2684a9cc74f	f72a5259-0146-44dd-b291-cdeac90d4679.wxs.aliquot_ensemble_masked.maf.gz
8dc53ea5-9b08-4355-b68c-3c145730986b	444442c1-32a6-4b64-bbb4-831f22aa00a4.wxs.aliquot_ensemble_masked.maf.gz
9d25e327-9311-47b1-aeba-9797e2a3e818	7f4eefe8-2713-4aa6-b460-81297328bb49.wxs.aliquot_ensemble_masked.maf.gz
73ba80a3-a225-4bbb-a2cc-ddf898f41ec6	9325ca35-d167-465e-a582-7991f67f713a.wxs.aliquot_ensemble_masked.maf.gz
94654125-5390-4d38-9c65-93c24c8268ce	d9e730a8-0442-4679-8154-4bc09b39e16a.wxs.aliquot_ensemble_masked.maf.gz
cc63c449-f591-4f97-9b72-4f52a103c464	170e2745-2ad5-4403-9065-5a96121454f8.wxs.aliquot_ensemble_masked.maf.gz
f47a40cf-68d7-41db-94dd-d234416fc39f	3e21f17a-1c29-4016-a61f-146b5d131f44.wxs.aliquot_ensemble_masked.maf.gz
aa1fcf91-1c88-4aba-9180-18195cbaec6e	18e07a6f-9c1f-474e-92d9-47c426f715b5.wxs.aliquot_ensemble_masked.maf.gz
4cd60a72-9deb-4866-8592-01c27f2e83ea	564349f2-920c-4b4e-98e1-d179bceac096.wxs.aliquot_ensemble_masked.maf.gz
817fc690-3aed-489d-a74d-d74f53610656	67285c0c-aa78-4b02-bd0d-824fcce3bee0.wxs.aliquot_ensemble_masked.maf.gz
42e75696-f91f-4815-add7-2cff3af0e4c1	c15e783a-6783-4764-b9b1-afa1dfed818d.wxs.aliquot_ensemble_masked.maf.gz
84cb2e34-c26d-459c-bf13-c94ca34cdc8e	02b85206-3f54-4b9d-8a11-e0d5ddaad387.wxs.aliquot_ensemble_masked.maf.gz
88dd94aa-b147-44d9-9a20-f5ee3e0e99c8	9ebd8976-aa26-491e-8406-86574f6cd76a.wxs.aliquot_ensemble_masked.maf.gz
9e010773-e98c-4202-b149-62b55e62f987	46618f2c-8c14-4d49-8462-9300815d975f.wxs.aliquot_ensemble_masked.maf.gz
bb64cc75-b312-4771-a03f-4a643d7a25c6	b43bce5d-941c-4655-b923-b84664ff99f0.wxs.aliquot_ensemble_masked.maf.gz
035231ec-5900-4d97-a10f-e39bd2c932fc	514d32f1-f689-47bc-b748-2a831cc21d37.wxs.aliquot_ensemble_masked.maf.gz
5405e8df-5f13-4c92-bdcc-d7a7a81c3911	49148ac1-b4d7-45f2-a6ff-46cf3fd82c5b.wxs.aliquot_ensemble_masked.maf.gz
652f3ee5-c653-4596-aeee-28984b11c5ae	c37fc808-f63e-40a5-9892-40a3d2d68c2f.wxs.aliquot_ensemble_masked.maf.gz
3e4e26b2-ee75-4349-80c4-7ad68b2e4e8b	5f03ea6f-ff8f-401c-8585-4c6e7fd81f47.wxs.aliquot_ensemble_masked.maf.gz
a37b6c13-f8e1-4cfb-916d-72eb2d117c03	18ec59c0-c051-4c4d-8829-d978f1242741.wxs.aliquot_ensemble_masked.maf.gz
e2025176-89e8-4afd-8e08-3b89c336e0c2	960c38ee-03c4-4b33-8085-974c58cf6d83.wxs.aliquot_ensemble_masked.maf.gz
5bd51e0a-3c35-4343-88fd-e481ec420ded	9c40ab9e-1aea-4e58-a3de-c656409e96f0.wxs.aliquot_ensemble_masked.maf.gz
09400a18-aff7-4b9d-ac61-c65239c28b11	2b20c8bb-861b-4137-b7a8-02d1ab03c646.wxs.aliquot_ensemble_masked.maf.gz
0e62c7ad-6285-4329-a824-affb4f06d811	f2211559-06a3-477c-9f87-98abd30bca15.wxs.aliquot_ensemble_masked.maf.gz
09287c06-1227-471d-856c-157ef1266de9	b8b8bf7b-f10d-46b3-af06-1521640924f4.wxs.aliquot_ensemble_masked.maf.gz
5877a051-fc2f-4e02-b49b-b32ad032f948	ecae4d1a-76a0-40a8-9f83-ec7412f89fe5.wxs.aliquot_ensemble_masked.maf.gz
0121a6c3-c7ae-4619-b07a-27bb28541478	87c3bd07-208e-40e5-b427-f4f917260392.wxs.aliquot_ensemble_masked.maf.gz
49670ab9-80b8-4ad1-bec3-5c591342abda	58529771-2790-474a-8705-17d544e16999.wxs.aliquot_ensemble_masked.maf.gz
6b197f17-cb41-47b5-a743-336d6143cf1b	684304b9-825b-4504-99ae-6a6aca122929.wxs.aliquot_ensemble_masked.maf.gz
e26d6530-33a4-4f91-9d84-40ad0f2b5ea3	6f9e9418-1056-4c47-b559-d4b08cbe4d33.wxs.aliquot_ensemble_masked.maf.gz
9a09f5eb-719e-4b40-a83f-cc609c5252c6	64a87a6e-49fe-4416-8272-38833006c015.wxs.aliquot_ensemble_masked.maf.gz
969aad40-d48a-4ab9-979b-3e6ca0127d12	c33aa13a-61cc-432d-9881-b43e150ee9dc.wxs.aliquot_ensemble_masked.maf.gz
c5238aa5-5e5b-4437-afe4-d1c76b47bae7	e9b92c52-a0ac-4297-956c-6af61c63d87a.wxs.aliquot_ensemble_masked.maf.gz
f8a15a3a-3de9-4d52-8db3-c4c8eed7d188	416a2436-c5f4-4fae-a3e2-f1c3729b16fe.wxs.aliquot_ensemble_masked.maf.gz
9f05891b-cb21-4eed-8029-6e1e3e0407df	84ecfc5d-2c5e-4891-82d2-d984ad9d509b.wxs.aliquot_ensemble_masked.maf.gz
06c8f74d-21ff-43ff-b921-a364f8010b42	5623afdf-6852-4592-9a22-a36ac4319bb9.wxs.aliquot_ensemble_masked.maf.gz
368ec743-957f-4599-8627-aa1a8e871056	83798b8a-d1bf-4e49-927c-b584f9dc576f.wxs.aliquot_ensemble_masked.maf.gz
4dad599e-bbfb-42a5-b23f-13511e29cf1e	e37f949e-f31e-4c48-abaa-27231b24694b.wxs.aliquot_ensemble_masked.maf.gz
ff23cba2-1621-4097-a452-dd90fed10435	096e533c-7ed1-4fc6-b537-dea6f846b468.wxs.aliquot_ensemble_masked.maf.gz
deeee256-b133-4a0b-ac1f-ce9a4e4929e4	5cf654d0-0686-4272-8135-1d7f67ed39e1.wxs.aliquot_ensemble_masked.maf.gz
cd5571bd-0192-4e4b-af24-f1dcd1d80f74	5098297b-dbff-4450-b7e1-c4467e65b3ec.wxs.aliquot_ensemble_masked.maf.gz
d79e33f3-cf31-4798-9278-4571536ec4c2	856aea07-54b1-4154-9036-4bcd5cc753a7.wxs.aliquot_ensemble_masked.maf.gz
b20b84a2-0052-435c-ac00-74300e76519d	97cf780a-4074-4cbe-ba26-46ee2e6fbbe8.wxs.aliquot_ensemble_masked.maf.gz
2baaf2a0-99ab-4e08-b408-0ec354dae20f	5bb8fba9-106c-4b35-9cfc-00253560b361.wxs.aliquot_ensemble_masked.maf.gz
cecda4e0-1f1d-4df9-8acd-88eac8c53c25	eefede70-b24c-4d61-a4c8-f2d7575f7a54.wxs.aliquot_ensemble_masked.maf.gz
63b1b642-8519-454d-b81b-5a2ce519e96b	3402b3fd-ce3d-4f5c-9fcd-c5670efacf4c.wxs.aliquot_ensemble_masked.maf.gz
02f8051b-eeba-4da3-a517-b0b92ff4efac	26b2b1c8-8f78-4ef9-a90e-f5744154b8b4.wxs.aliquot_ensemble_masked.maf.gz
ca1dcdf4-abd7-4052-9a7e-17f6cf09bff9	6ccfb07e-ba1b-49c3-81a7-cfcd220afcb1.wxs.aliquot_ensemble_masked.maf.gz
7c1ee4b7-387a-4b4a-9e2f-bfe892cf5d70	f8fd0d06-afd3-4149-90f0-ea91710dc914.wxs.aliquot_ensemble_masked.maf.gz
99eeb9be-e2d0-48e3-9940-daf1aee705e4	8383e3da-c1df-4780-979f-bc58e1322345.wxs.aliquot_ensemble_masked.maf.gz
b22cb1a6-e0f7-46b2-8067-e9117e5004d4	aa64d00a-b405-4526-a033-bd308fe79c5b.wxs.aliquot_ensemble_masked.maf.gz
b80e27d4-4762-4290-b8d4-cf232350bd2e	dd1eddb2-1c8f-4645-9938-59f251836806.wxs.aliquot_ensemble_masked.maf.gz
dd5b1acd-5149-4251-829d-111dbcbc1111	683228c7-dcd6-430f-88f5-a1afeacb5ffe.wxs.aliquot_ensemble_masked.maf.gz
2261346f-f46d-4137-8739-a2b97855b1b3	79ca68ff-75d8-4ccd-908a-15fe74d2d217.wxs.aliquot_ensemble_masked.maf.gz
184ad1e4-efa0-4528-a18f-4b96e0be51e3	ef9b37f3-5d66-4e92-83e1-33189555f805.wxs.aliquot_ensemble_masked.maf.gz
22bafb55-4327-4fbc-8443-0587fb49d8fd	c534284e-9bde-42ff-87c3-effe204a4030.wxs.aliquot_ensemble_masked.maf.gz
c3721df1-653c-408e-b3fa-b7c11c1e3413	4bb37741-dfe9-4b77-93da-4a20792fe795.wxs.aliquot_ensemble_masked.maf.gz
e5900ade-7e1e-4cd0-a857-a2571472733d	f52a503c-8fb9-457c-addc-6b643b15d77c.wxs.aliquot_ensemble_masked.maf.gz
4b20d50c-f569-4703-93ec-584c267e3fdf	0ef89e1c-653a-4be0-a6a3-b427f2dd2d00.wxs.aliquot_ensemble_masked.maf.gz
21f5e156-ba30-4ced-8c5b-8276a47950b9	0f58da7c-cfb2-4021-8648-5220ca782a16.wxs.aliquot_ensemble_masked.maf.gz
54549144-9502-409c-bb87-d8eedff5c343	15efa039-1f99-4271-b297-4e1f789f14ff.wxs.aliquot_ensemble_masked.maf.gz
d5b4b475-d12a-4c25-a245-3cf01322d0d5	420b9db4-1a87-4c4c-be01-3b47ffd9be39.wxs.aliquot_ensemble_masked.maf.gz
dc2f5320-ada0-44f6-b9d3-dea5d372ad85	5f719432-ed9c-4945-826b-e1a3a51eb239.wxs.aliquot_ensemble_masked.maf.gz
4c8f7d14-91f9-4109-abc5-221211eef2f1	f56fcde9-5212-46d4-bd4f-73250c450673.wxs.aliquot_ensemble_masked.maf.gz
df6156a5-6f74-4dce-8f2e-8f98550c6b6c	90ea3402-5438-48d7-8195-7207a5b4ab98.wxs.aliquot_ensemble_masked.maf.gz
c75ce350-402d-4d1e-959e-e7a62c83f6c3	9b05be39-3c52-4e17-93d6-1a9c622c73d5.wxs.aliquot_ensemble_masked.maf.gz
ce45d80b-ae25-4619-9f31-81183ad14a79	c981f20f-e70c-410b-b9a3-e731e1d14e84.wxs.aliquot_ensemble_masked.maf.gz
d3fe6c68-415b-4e08-9981-e05d05bf8e49	768c63df-d28b-457a-a07e-4c1e80e118a3.wxs.aliquot_ensemble_masked.maf.gz
3b20883e-ea60-4c63-8f61-acd6ed5a8125	42148863-8ba8-4fad-b30f-348f37ece4cf.wxs.aliquot_ensemble_masked.maf.gz
d26d1add-37bd-4a6b-83ab-97e23bc9b7a1	6c21bdf6-493b-4de2-8e62-51d86ada9eb7.wxs.aliquot_ensemble_masked.maf.gz
f09497c7-2fbe-4355-81c7-bfa2dea95b9a	1e99bf12-cf11-4b19-b4e7-fd81306cc2fb.wxs.aliquot_ensemble_masked.maf.gz
253c1afc-931d-412c-8f2b-d1f9e466e6ed	27f13a1b-7d09-476f-830b-69385d58630c.wxs.aliquot_ensemble_masked.maf.gz
e62aaf6b-abf9-4129-9e80-a576432b0437	7a49bae8-1052-4ade-94eb-843842910c24.wxs.aliquot_ensemble_masked.maf.gz
697edfa6-87d8-49ea-ab54-c413ef80e900	785f19dd-16f5-4330-914e-0b295835b4d2.wxs.aliquot_ensemble_masked.maf.gz
f1a6c1a4-c8f9-4ed6-9df0-85e7d5c2eadf	111dbfb4-baf4-49f8-be22-f7ff338167fe.wxs.aliquot_ensemble_masked.maf.gz
43ef9d3f-7b63-4369-b66c-0bbdf5ca3a84	b1ed9214-b0e9-44be-9517-bd8d771d1d0d.wxs.aliquot_ensemble_masked.maf.gz
dc39b9bf-3853-4d10-87e1-d7f7c8fe4cf3	f0400c27-d826-4c7f-8993-15d8f84d58d9.wxs.aliquot_ensemble_masked.maf.gz
0df48670-c857-469e-b1fa-c06ca744fc5a	ca1bf9e3-97e1-4875-91a5-49c7dbff8e17.wxs.aliquot_ensemble_masked.maf.gz
7525468d-9e54-4e92-bc04-a8938966633e	680b15b2-5fd1-4226-926b-f0db8a106822.wxs.aliquot_ensemble_masked.maf.gz
83ea44c2-1dca-4cec-9684-46435070405f	72328e19-ca06-4df3-801f-814287b3eb9f.wxs.aliquot_ensemble_masked.maf.gz
0344b01e-7430-4200-81cb-d48a3a8998ac	5387a7a6-6882-476e-a57c-fffca53b11e2.wxs.aliquot_ensemble_masked.maf.gz
0a48e132-74fa-456d-a292-a958d9373e3d	5dfa07b9-3d69-4974-9a29-336b47b0cdab.wxs.aliquot_ensemble_masked.maf.gz
6a815cf2-e7f7-4e6b-b93a-6f4c562835bf	be898971-7e06-4c41-a5ab-cae1860a19fb.wxs.aliquot_ensemble_masked.maf.gz
a7f3e8f2-d3d9-4697-bb8a-de6b44132c01	fb688467-91aa-4321-95f0-a38444338584.wxs.aliquot_ensemble_masked.maf.gz
a2e630bf-b7a4-4f1c-af45-21183089137f	ef0a4a4f-60a3-4ea4-b836-0547026d32c7.wxs.aliquot_ensemble_masked.maf.gz
0182902d-bb3b-4b9d-bb2a-1b00c14e3b11	0196bd59-8bff-46da-a06a-4114fb1ffdb6.wxs.aliquot_ensemble_masked.maf.gz
d54ec8e2-d534-4034-a036-d94c67cfd424	e3e3092e-9d8a-4ee0-aca9-b96d4ae85ff5.wxs.aliquot_ensemble_masked.maf.gz
9039f4ee-9316-4c52-bbff-e50b2354adfe	3e50ab05-e910-4dfe-b17d-b1e123539c2c.wxs.aliquot_ensemble_masked.maf.gz
d2fe8d87-dd55-42c9-bacf-5e5b6938f96f	ac319195-ba93-42e2-84bf-14025f4f66d6.wxs.aliquot_ensemble_masked.maf.gz
72c46029-bf04-4eda-a7ea-cc7242253294	19aa1736-30b3-4ed9-b827-373a79b8de70.wxs.aliquot_ensemble_masked.maf.gz
e0afe821-cb8e-487a-8fe5-92e7f9e3d137	84974264-b654-4f88-bdd4-0ee18f90d7d8.wxs.aliquot_ensemble_masked.maf.gz
6d565875-6f49-4f18-9f4b-eb35996e0478	373968cd-7c79-4afb-90ab-454820370a50.wxs.aliquot_ensemble_masked.maf.gz
da51eb21-62b2-48f5-9f8c-a05248ac3c63	fe22b003-4498-4772-b50f-c597b2b4ba2b.wxs.aliquot_ensemble_masked.maf.gz
9510a555-586e-470f-855d-79a7e687cc44	467027c9-4691-4da8-aca0-55410f41c4e0.wxs.aliquot_ensemble_masked.maf.gz
345f1cca-aabd-493a-b873-e6c3c3e5910f	e1579ac6-e964-463a-9121-36cf21144620.wxs.aliquot_ensemble_masked.maf.gz
02c37aa1-ff1e-4548-ace1-0953351e6d01	418928d4-30ef-4e1c-ab3c-957ef4948ff8.wxs.aliquot_ensemble_masked.maf.gz
800af215-08e1-4911-9976-5c50cadbffa5	f43001d4-b3f7-4cc3-a6f3-ccc7684096d8.wxs.aliquot_ensemble_masked.maf.gz
bbf4c985-1565-421f-9dbb-89cd9a1c40e2	5118f795-497e-459d-aadb-fa184e2ff416.wxs.aliquot_ensemble_masked.maf.gz
3f7e6a62-368b-4354-8a5c-6cf515aef2f0	8c3e48d3-618b-40d3-a9c7-bc98a3bd226f.wxs.aliquot_ensemble_masked.maf.gz
267967f3-55ab-4d6c-8fc0-967caeb246ff	be74c31e-7e92-4d6e-b51f-147c08571e3c.wxs.aliquot_ensemble_masked.maf.gz
a13ce267-8b9f-419d-92d1-4e38dfc006b2	571ab7df-ee67-4c91-b06d-935a14b5baab.wxs.aliquot_ensemble_masked.maf.gz
33d7e211-edf6-4526-baca-552aa1a6caf2	ff477ec3-d56f-41eb-a9b2-d384381e2143.wxs.aliquot_ensemble_masked.maf.gz
5ae532c3-6923-4272-8286-97ace9db9437	7f880828-1f81-4973-8efa-a052497c2b0f.wxs.aliquot_ensemble_masked.maf.gz
99503d51-c6d3-4116-9952-485963a90730	df21a677-bf91-4f94-be05-7be5f87730fa.wxs.aliquot_ensemble_masked.maf.gz
6f448407-401e-48d2-b31e-60e70e7c0889	52aa22b0-0b50-4fd8-8723-2bfcf445fed9.wxs.aliquot_ensemble_masked.maf.gz
f50e5b1c-99bc-4e7e-8f39-5f421c4ea2fd	54c096ab-2dd8-4b48-a9b8-2254714ee5ea.wxs.aliquot_ensemble_masked.maf.gz
308349b2-11c8-4cf8-bd42-c7f7ec2667a3	1af3a5e1-1558-49b0-b946-2ed353f93fa2.wxs.aliquot_ensemble_masked.maf.gz
663bd60e-4763-41ef-8834-bb1e18aa37f3	d4aa62ab-85aa-4ff9-816f-de4091d87daf.wxs.aliquot_ensemble_masked.maf.gz
c55bd532-2a60-4066-9be0-5f6d1e54cb05	b9e30476-a9de-4dfa-8e62-75aaee9847d3.wxs.aliquot_ensemble_masked.maf.gz
fbee4520-dde8-431b-8e7d-62ea26097dd7	ec6ebe80-e3ba-4fa2-8ec6-dbe6401125e1.wxs.aliquot_ensemble_masked.maf.gz
9e864a4d-37e6-437e-a7e2-4a46b13c4ac2	7d6406ce-6b98-4890-85bc-5fdbb524ddfc.wxs.aliquot_ensemble_masked.maf.gz
878e541b-61a0-443f-8921-78d76525f72c	9777e902-9957-4186-b9f5-a710e40cd1b9.wxs.aliquot_ensemble_masked.maf.gz
ad79d2d6-8895-4d5a-9293-bd019d9ceed2	a97bc7f2-55c5-44b8-b615-796c5e35b2a6.wxs.aliquot_ensemble_masked.maf.gz
08dc3e42-c96a-4550-9f7e-f3ae3b4f728b	717fc03c-19da-4112-8d65-1df5f9b01d6f.wxs.aliquot_ensemble_masked.maf.gz
70684d97-4512-4674-ae09-1854b97f7923	a333057b-c1ad-4963-96b8-3652204c3dbc.wxs.aliquot_ensemble_masked.maf.gz
f4105ab4-e70d-4c92-98a7-6106a3893516	f6ac0d17-0d1c-4997-8f84-3be523f10618.wxs.aliquot_ensemble_masked.maf.gz
f6d4d79d-d385-4efc-a945-c83d419eb827	689ebff3-25a3-4492-8391-0bbb7919dcc5.wxs.aliquot_ensemble_masked.maf.gz
cf79a7ae-62aa-495c-8b2d-befd3b88cd20	95e69daf-2637-4494-a39e-a554a51aba69.wxs.aliquot_ensemble_masked.maf.gz
047c7c3b-0baa-41fe-91c7-e3c59a55bdc3	6680da97-11ec-49b1-8ebf-698f5e20b6a7.wxs.aliquot_ensemble_masked.maf.gz
95db3ed6-4817-46bf-bad4-5f7ae09c5374	62a24d2d-9e15-4884-b569-76bbbe81439c.wxs.aliquot_ensemble_masked.maf.gz
e89e47e9-d2f5-4bb9-b067-e68476b3bd28	0bd40519-bbf9-4820-8629-b7d5b0a2eb8f.wxs.aliquot_ensemble_masked.maf.gz
fc5acadd-ea8f-4e82-ab61-fb990945d07b	dfec7687-58d5-4ed0-951e-d75ac11b52fe.wxs.aliquot_ensemble_masked.maf.gz
fce00398-a6be-4c15-80d3-f9fd3c7c5056	a2706af2-2c35-4684-83b5-ecf3eabdbde7.wxs.aliquot_ensemble_masked.maf.gz
d00797fa-95bc-41a5-9687-de759bb98109	260fbe44-d0d3-4722-aa64-730c727e5dc1.wxs.aliquot_ensemble_masked.maf.gz
33517eb8-ce28-410f-85b3-e4e14a75e4ad	2d20c120-22b3-4c99-b5de-5cec0a7dd839.wxs.aliquot_ensemble_masked.maf.gz
f835c7f5-8be9-4a5d-a07d-df568a883dac	0ced268a-0c3c-4204-bf7b-d6ed35fb9423.wxs.aliquot_ensemble_masked.maf.gz
bacacd29-acff-4cb9-b4dd-fbbdfed97b07	6d9908fe-8922-43d7-a5c1-1f36a4024ec9.wxs.aliquot_ensemble_masked.maf.gz
0aa4fbc1-ec6c-4376-b2c7-5e796584d234	df6491d4-98ff-4a0b-b88d-780b7ca73d11.wxs.aliquot_ensemble_masked.maf.gz
725a21a4-0067-45fc-b8f2-d9f22049f574	90eeec39-6c71-46dd-82d8-6c727f9b6485.wxs.aliquot_ensemble_masked.maf.gz
80f7616d-b100-45a1-92c5-e804690ccbd6	3fa65836-a88c-474d-b157-31cf78ef340a.wxs.aliquot_ensemble_masked.maf.gz
802dd560-e426-4819-97be-2879ea30bf81	dc49004c-58d9-42ad-891c-805c6b43d947.wxs.aliquot_ensemble_masked.maf.gz
84191788-91d5-481d-b6d6-0d8b7600f357	be4084a7-0ccd-4852-82a0-673c174fa444.wxs.aliquot_ensemble_masked.maf.gz
84c239c8-71c5-4b89-8522-c9368950e2b1	1e496d8c-0ab1-4462-b2e2-a48136ab138e.wxs.aliquot_ensemble_masked.maf.gz
902cb049-bebf-4684-8002-eaf909b26323	3c2fc414-420c-4190-941e-26a14a62cfc2.wxs.aliquot_ensemble_masked.maf.gz
d3d61acb-c135-4631-acec-8d4031093a70	6d1b211f-2212-49d0-8654-4550aefb9e59.wxs.aliquot_ensemble_masked.maf.gz
7d1d4767-656d-4a42-b402-e61f902de293	5b56ddb2-067c-4f81-8ca4-c423dc8b6738.wxs.aliquot_ensemble_masked.maf.gz
3c9219ac-cf5f-4ab9-9bf3-5ff16a4ab1ff	dec2238d-eb92-482c-8f72-ad4a9dfb2df1.wxs.aliquot_ensemble_masked.maf.gz
a3b204a6-1be9-457b-826d-e5ee282829d8	37c8101a-899f-401e-9d7d-3269e3658254.wxs.aliquot_ensemble_masked.maf.gz
f1bb87b4-6856-4c85-801d-7faa0de441fd	110338c2-7ea1-490f-b8ea-a2d33c61d5a8.wxs.aliquot_ensemble_masked.maf.gz
d11b9ed4-e69b-4d10-a44c-84879e609198	fecc7968-964a-4b80-8490-20fa72aef1c2.wxs.aliquot_ensemble_masked.maf.gz
15ec8bbf-d413-482f-93c1-4e6ada012b45	01e8d53d-3dc4-4fde-9fe2-f8586469628a.wxs.aliquot_ensemble_masked.maf.gz
aa57de4e-7f8f-4c9c-a185-4ab87bb9e438	5eaa4117-0c17-40a6-94a9-ad229a8e5250.wxs.aliquot_ensemble_masked.maf.gz
7e4813e1-b5eb-4b90-8393-e60f44a50783	a615e6c2-07d0-4bec-836f-c3dce658195a.wxs.aliquot_ensemble_masked.maf.gz
f09a0f5c-d15f-40c1-b60a-586f4b4f7701	a5e85aa5-64db-4a3e-9419-aad9bba12488.wxs.aliquot_ensemble_masked.maf.gz
854db6d2-83a0-4c8a-9223-d955b6390f9f	c93bff7d-fd6e-4ca5-b513-77c5b780e314.wxs.aliquot_ensemble_masked.maf.gz
61300c06-3272-45e4-b19f-94dfd276debd	f3934f06-2c19-40b7-88dc-b46d1a573bdc.wxs.aliquot_ensemble_masked.maf.gz
84a48edd-9391-4b35-b78c-506fd1191abc	65b73b0e-67a7-43b6-8719-8935176d13f0.wxs.aliquot_ensemble_masked.maf.gz
b931fc3c-3928-4737-8316-5832ec099b4f	abed1903-4541-4fa2-a274-079a88bee472.wxs.aliquot_ensemble_masked.maf.gz
c6704b0e-e31e-4511-9d47-ce8b38ceaf65	b290139c-d657-4e25-a406-6214f6ec704c.wxs.aliquot_ensemble_masked.maf.gz
a6c2020b-da2b-41bc-bfa8-74a299a9ddb2	4dc5f72c-383e-40a2-bb86-326477b4a0ae.wxs.aliquot_ensemble_masked.maf.gz
bc9ea226-6b5d-4214-86f6-e8fa3ae7a564	c1875b28-01c3-4271-94ce-23815e4bb1f4.wxs.aliquot_ensemble_masked.maf.gz
03add666-b87c-414c-8695-5667f3b599c1	778cde8c-6445-4b59-9185-3cc50f51836d.wxs.aliquot_ensemble_masked.maf.gz
f81ec158-a3c2-4ec6-bc47-5bb39e297ad9	44401e97-e401-47ae-85ed-611e462497e1.wxs.aliquot_ensemble_masked.maf.gz
0d7c5d18-2f64-4313-b8dc-e7a492269744	ca4e1463-5536-460f-9dfb-5cf07edf4e56.wxs.aliquot_ensemble_masked.maf.gz
0b893e93-dd75-4593-b1b3-336bcebb5bfd	a5befb51-702c-4e71-ba8b-9f9cb04ae9c1.wxs.aliquot_ensemble_masked.maf.gz
e955024b-d48c-4b1b-9202-f91d85e605be	452251e8-b4b1-44d7-a327-51e5e47edcec.wxs.aliquot_ensemble_masked.maf.gz
4152e8ad-21fa-4d37-9ddf-1e7dc7cd0745	bc54cdb9-e105-4688-af63-1cb5cf9b3661.wxs.aliquot_ensemble_masked.maf.gz
b57794b8-77dd-42a3-931b-5ca6e6ca3030	a41c93c6-e79d-4852-953a-c0597f74d0c7.wxs.aliquot_ensemble_masked.maf.gz
9f0da6b3-341b-43d6-8220-c328eccb99ee	b755717a-4def-4ca8-8371-936741696bc7.wxs.aliquot_ensemble_masked.maf.gz
7c930283-5dad-45fb-86b6-b6452c0d3c29	bf57b828-d8cd-401c-9bfa-35adedcbe916.wxs.aliquot_ensemble_masked.maf.gz
194031cc-b208-4b76-8185-9ac777cb242c	9b04524a-cf78-42a9-90d4-fea652fa85b2.wxs.aliquot_ensemble_masked.maf.gz
9dfce856-565c-41d9-a89f-0a6654675fba	6b8c4f63-879e-4a88-af27-65a0685af755.wxs.aliquot_ensemble_masked.maf.gz
c8755d74-d76b-44da-8a70-e00545e9de66	ea41d101-66ef-46fd-854f-4dc83825bd31.wxs.aliquot_ensemble_masked.maf.gz
710cf1c6-2f90-4e98-a60d-721f72624425	7e1126a7-3efb-45a7-b7c3-ccaea5687c70.wxs.aliquot_ensemble_masked.maf.gz
1f48e22d-25c6-4df2-82fb-3aa8748f185b	c7439e2f-4fa6-444a-9f07-f00dab5bb121.wxs.aliquot_ensemble_masked.maf.gz
67a6c7e0-baab-44e0-8f2f-c832a78b2add	964b8ceb-a3d4-4896-ab7a-7f11cecf2a20.wxs.aliquot_ensemble_masked.maf.gz
7c4c42d3-93a5-4222-9d7f-baee2ccb9694	6eb5d46b-ab8b-47f0-a36e-e73f9e05542e.wxs.aliquot_ensemble_masked.maf.gz
546e44ff-279b-4e74-bb3e-071d408856c9	4afba480-8150-42e7-a03b-8fa54760c1e1.wxs.aliquot_ensemble_masked.maf.gz
3444cf6c-2deb-4d67-a29e-0fd40fd3d634	fa07bdd7-6bfc-404e-9632-42837c8aff73.wxs.aliquot_ensemble_masked.maf.gz
81a8beea-4350-46e8-a4b6-335af0ba55c3	cd3ed839-5f10-4388-b488-3c45b6e12822.wxs.aliquot_ensemble_masked.maf.gz
b1234497-2a27-46d5-b030-d12748185c4a	4658d37a-466c-40c5-a8a9-3ca0996b6dc6.wxs.aliquot_ensemble_masked.maf.gz
fcf33ad4-4fb7-4b0b-ad48-b195a9e5181f	8ed57f1a-714d-480e-820f-ed34c701e1bf.wxs.aliquot_ensemble_masked.maf.gz
d2403fa7-e05e-4622-aa92-8d4da98e3dc0	79c5f4d6-a845-4b38-a0e0-f356a19e58ee.wxs.aliquot_ensemble_masked.maf.gz
40d5190b-b6ed-4616-9981-a3b7eb2d7c2b	6313be87-755f-4626-9b99-6e72d1866693.wxs.aliquot_ensemble_masked.maf.gz
b46d0c18-28dc-42fc-a599-04cfc4ac247a	c879bb59-2ee5-416b-ae16-95e8efd30d34.wxs.aliquot_ensemble_masked.maf.gz
c353ee74-c8e3-4984-974c-0cf3b8e59c3c	7ece21e7-6197-41b3-8152-cc388dfe2ed9.wxs.aliquot_ensemble_masked.maf.gz
96dfac91-0f8f-4ae7-86ea-77092d3159c4	083ba3f9-a51e-4150-95c1-6cb1a014f72b.wxs.aliquot_ensemble_masked.maf.gz
806c719d-7919-46a1-80bf-5239b2d951f3	ade490e6-b430-4ee5-8160-52810d506048.wxs.aliquot_ensemble_masked.maf.gz
358c3717-fbaf-4d29-abe1-3a64e3f95880	f5f0de46-8e12-4e9d-a9d4-509db39369da.wxs.aliquot_ensemble_masked.maf.gz
59e1b937-0c64-4550-9cd6-5c2af40e85bc	13342a45-cc05-4876-99a0-2b70116535c0.wxs.aliquot_ensemble_masked.maf.gz
4ec598a0-1c13-46ec-921a-08bed238e017	de384d7d-2f68-45ac-ad6e-ee851e607aac.wxs.aliquot_ensemble_masked.maf.gz
bc0056c0-4e36-45ed-9c78-20aa0a0dba7b	782952ed-acef-475f-b35c-79f1a393c370.wxs.aliquot_ensemble_masked.maf.gz
c07a4a7f-47d3-4049-a447-4307054bc24a	6f48efa1-82c4-4d2d-9778-1db4ecea6234.wxs.aliquot_ensemble_masked.maf.gz
e59b5718-84f4-48d1-9e79-c7e70b5b4a25	9f7ab8bc-e2a2-4e20-b0c2-ab9cdc605f95.wxs.aliquot_ensemble_masked.maf.gz
64cd7216-82b7-4576-8b36-e68eb05e8a68	72725611-02d2-4c38-837a-249a9eb41373.wxs.aliquot_ensemble_masked.maf.gz
f9291f6e-283f-434b-ad5a-d498ef81532a	6318ffec-28c2-4307-9db8-38bf7f13cd12.wxs.aliquot_ensemble_masked.maf.gz
d59dfd97-0cb6-40ac-9aa7-6af76a1830dd	883c4075-e931-4364-95c4-6ea98243d8e8.wxs.aliquot_ensemble_masked.maf.gz
844c8278-f3a1-491a-8b86-8db2523d662b	c414d5ad-3869-4b6d-9839-3ef77efc7d6d.wxs.aliquot_ensemble_masked.maf.gz
6393acee-06cd-479b-98aa-fd1e7e6bf5f5	789062bc-54e7-413f-84b2-29e5c58c9adf.wxs.aliquot_ensemble_masked.maf.gz
a2a5eafe-27be-4d43-b8e6-8a6af772841f	22154f9d-6517-4fa0-9d64-de75bccc0d0e.wxs.aliquot_ensemble_masked.maf.gz
31feb00f-ddca-48b4-a94a-0d465079a281	f679ab69-0fdc-4905-9086-01f4a6136df8.wxs.aliquot_ensemble_masked.maf.gz
3acb8ab8-4863-4b12-a02c-4e4ef7e38f84	cdd8cd2b-bd1f-402f-aab5-9e844d1afb1b.wxs.aliquot_ensemble_masked.maf.gz
d4156a36-d1e3-4de0-9427-0effe07cbe21	4e80d102-460c-4555-a5b0-8c95a1676712.wxs.aliquot_ensemble_masked.maf.gz
0e6f702b-dd24-4d27-87ff-d2dd264c9093	d308e3a5-99a2-4cd0-9869-26ff76a6dd75.wxs.aliquot_ensemble_masked.maf.gz
0a250294-e760-418a-bed3-be259ae161e1	ecb0ff77-09f2-45fe-aa40-9e02aa7b988a.wxs.aliquot_ensemble_masked.maf.gz
4c7b3b93-be85-483e-b423-c8ca6372c2b0	090b9ba2-7d58-4be9-afb3-f29b8a7e0337.wxs.aliquot_ensemble_masked.maf.gz
3cb287d4-4de0-48e9-aa7e-6dac44363360	e8a2594c-7c6e-476e-be39-fdc0688e45bb.wxs.aliquot_ensemble_masked.maf.gz
9ff327bf-3a69-4255-9504-10d14725eeb4	38b27442-bdfb-488f-8ad1-ef837020aeff.wxs.aliquot_ensemble_masked.maf.gz
4b32ea73-bae1-4655-947a-a71d6fa8b08c	1fe23d5b-78f2-4d73-9dd0-5ad0247db458.wxs.aliquot_ensemble_masked.maf.gz
4af323b6-4726-4635-a118-7232c7785f35	f783b9df-75c8-46cf-8859-be1f3b440d53.wxs.aliquot_ensemble_masked.maf.gz
acd92446-98f7-4df5-9709-0432b54209e3	5619e5ba-f527-4b34-915c-3244dc8c268b.wxs.aliquot_ensemble_masked.maf.gz
a0934950-1fe4-4ac9-8980-6be7989df732	a81d0d7a-97cf-452f-8756-e1b094da29b9.wxs.aliquot_ensemble_masked.maf.gz
f13e461b-ed6d-4fdd-a360-70264d873f85	3aa8f901-83be-4d62-9af9-957769a62493.wxs.aliquot_ensemble_masked.maf.gz
2ff606b8-6f4d-4b67-9cbb-f3c9ac6755bc	782eaec0-34e1-4561-a190-2355811282e9.wxs.aliquot_ensemble_masked.maf.gz
9f4fa07e-188c-40a4-9c26-a5cca27767b4	73fcb0f6-6a7b-408c-8690-acaac02e872e.wxs.aliquot_ensemble_masked.maf.gz
b248ecb0-657d-4437-9b9e-0a9ce1c46990	cf821435-ea32-4fb4-b0c5-5c3207cb2763.wxs.aliquot_ensemble_masked.maf.gz
a86d8d33-7f58-483b-9e7a-d650c26322c4	7f5b7851-72ea-438a-a5e6-e5c383eaf0e5.wxs.aliquot_ensemble_masked.maf.gz
5d5b01de-1a15-4783-95c4-8774a291ce37	9d077108-4bf7-41a4-a80d-3b05a57bec2d.wxs.aliquot_ensemble_masked.maf.gz
ebe634ff-b960-4474-8c6c-1451ad866f6b	88ecd81d-a882-4adb-ad2c-e75549745b4b.wxs.aliquot_ensemble_masked.maf.gz
d43ef3c0-ed72-4133-be6e-0a00c8cda220	28b9cae0-7690-45dd-8b5d-3a703a86cfe6.wxs.aliquot_ensemble_masked.maf.gz
adf60d7b-0e7c-464f-898f-bb87faee018b	451da261-1f93-4fa1-829e-9282bbc6e98a.wxs.aliquot_ensemble_masked.maf.gz
b232dcc8-e157-4d9d-bf18-83d75b31a70b	6685804f-face-4cd7-9d8d-7e430858ddc5.wxs.aliquot_ensemble_masked.maf.gz
17a121d0-95bb-4caa-9472-436d9ea89f11	73691763-129a-4710-ae38-c26ce0eaa55c.wxs.aliquot_ensemble_masked.maf.gz
8ebd754b-e02d-4b3e-b5bf-adb55191ccfc	80a79cd5-e342-434d-b996-464c32f6efac.wxs.aliquot_ensemble_masked.maf.gz
0c396d1a-8cc9-4af7-8acc-91138b476f33	2c287b92-30d0-4c50-a1a3-edc6e3480c19.wxs.aliquot_ensemble_masked.maf.gz
04cf76d7-4dc2-440d-a151-ce3a2d20fa5b	87fcadb6-f93b-4665-8737-99653ba137ec.wxs.aliquot_ensemble_masked.maf.gz
74d9e845-4334-4178-9da3-11b3c07a225d	df35c635-dd73-4f6f-b141-6000ce81cb49.wxs.aliquot_ensemble_masked.maf.gz
71379a24-2b0a-4898-8f23-a773d1809cfc	6ccf6b28-a355-4fe5-b8f6-8f510381a6f4.wxs.aliquot_ensemble_masked.maf.gz
0d970f54-4b95-42c1-8349-2b48e74840df	8a271f82-7006-4b6e-bc5e-8eb8138d7cd3.wxs.aliquot_ensemble_masked.maf.gz
89b69526-12a8-48f2-a23c-7af1523b1124	24b01859-8a9e-4986-92fb-9956ea88fd18.wxs.aliquot_ensemble_masked.maf.gz
d9ed62be-f357-4a24-b887-b1f4ba5228b4	fc9e5a45-f6cb-4615-a29c-10ad705a2382.wxs.aliquot_ensemble_masked.maf.gz
1fe4a9e6-d31a-48bd-9c07-db32e3feb237	51d88957-9eb0-4f40-bb9e-cfb995b83d90.wxs.aliquot_ensemble_masked.maf.gz
eb3743c1-f5ac-4003-8fe3-7b6170dfbc78	8fe36903-14d0-481a-af5f-b50b10327bba.wxs.aliquot_ensemble_masked.maf.gz
1f1e44a3-bf1f-4017-a82f-b27a7d434b33	f8168075-6514-433c-ad01-7feb66970972.wxs.aliquot_ensemble_masked.maf.gz
0fc27300-1278-4615-9e67-c569939f294e	9591b9ec-827d-4cba-8bca-fb464015977e.wxs.aliquot_ensemble_masked.maf.gz
f56b0c73-f6b2-4c84-84f2-d2f3e817da7c	29705d55-0d2a-445e-9ecf-0b91e48d9c79.wxs.aliquot_ensemble_masked.maf.gz
a97f8364-bf7a-4ba6-aae2-400a226c01b0	7fff37c4-934c-404b-b4a6-00045f08053b.wxs.aliquot_ensemble_masked.maf.gz
85b4f6c7-6bc7-4faa-b579-174c8a5574c3	1b02e400-814b-4cee-a05c-fa6e31441b84.wxs.aliquot_ensemble_masked.maf.gz
9b2cf63c-3857-4696-a6a3-dbe92f447ab0	20c35f8f-5686-49a4-8c35-f25ac1cc53f1.wxs.aliquot_ensemble_masked.maf.gz
eaba4756-5b04-49d8-be3d-b9b9fea147cb	04b06599-0300-4e8e-bffb-72cf5825791d.wxs.aliquot_ensemble_masked.maf.gz
b2c68d77-2501-4a35-9654-9a96e8cea210	6cb4ca6a-dce8-474b-995e-0332b3cf9876.wxs.aliquot_ensemble_masked.maf.gz
1f2ff351-e12c-4493-ae70-ba531a83c479	1c0621b6-795f-4a9c-9e69-efaf9e7ca72c.wxs.aliquot_ensemble_masked.maf.gz
08072e4f-0861-4fc6-90d2-21624660541f	8d4a338a-70c1-4f6a-afaf-c0ccc7493315.wxs.aliquot_ensemble_masked.maf.gz
32b9c4d4-be15-4693-9881-fcb35c781264	70f02542-6746-493c-bc6f-12aae8b6ea62.wxs.aliquot_ensemble_masked.maf.gz
9b3d7404-46e3-4966-a5ce-7578ffbd6e22	1f57797f-0688-4767-8e44-3195c340f48c.wxs.aliquot_ensemble_masked.maf.gz
48083399-d37d-4d57-9036-6fb1f7741f15	ad634b03-eab5-48ba-ada3-b984f8a1d187.wxs.aliquot_ensemble_masked.maf.gz
2e9b12d1-3446-400a-ba0e-4491167c75a9	f67a0e57-d1da-429d-a65a-7ddf226727ca.wxs.aliquot_ensemble_masked.maf.gz
0b5ce87e-670e-465e-a886-0d950281e275	6fc1ff95-0466-49d8-be2e-ea95bfd8b375.wxs.aliquot_ensemble_masked.maf.gz
c28969c9-7e3a-4f87-aee0-83eadf2b8edd	e2d27836-615b-4573-ad60-5ff03edef8b5.wxs.aliquot_ensemble_masked.maf.gz
dedaef8d-74fa-4e98-9d81-5ee7e50e4398	a1013e4c-657f-439a-a3e6-7a63c651231a.wxs.aliquot_ensemble_masked.maf.gz
4d69eb0c-4110-48f6-a540-0a14a1fab3c1	851a3caf-f287-4d2b-b61b-c03e6c0358c4.wxs.aliquot_ensemble_masked.maf.gz
a350afa2-198c-4462-8625-ba2410d823fe	b9469a1e-f810-4c0c-975e-1e82257ff032.wxs.aliquot_ensemble_masked.maf.gz
9c3fc5a7-5dd1-4eb5-bce8-bafa31ed0ae2	a56f81a6-76fa-4e54-89ef-08e340de73f2.wxs.aliquot_ensemble_masked.maf.gz
fa1256ab-223b-4af0-90d1-6cd404fcb585	275640ab-8485-40fc-a9b7-bfad6eb75796.wxs.aliquot_ensemble_masked.maf.gz
8ef33e93-f001-4967-8243-fc0069390f28	e376cd13-49c0-4c46-bfb9-5d5230bfb35e.wxs.aliquot_ensemble_masked.maf.gz
3c35a4b3-744d-45a4-a95a-6369e88e9d98	85778361-3032-4076-9fd5-5cdee32285bc.wxs.aliquot_ensemble_masked.maf.gz
b24cf492-595c-47b8-a62c-3d40ec30f2da	edbbf735-d52b-42e2-9da3-26e69d3348f2.wxs.aliquot_ensemble_masked.maf.gz
22fc52e1-b395-4d0d-81ea-335a5a65dff3	96a114f9-2edc-44f7-8a89-3d59cf3a75c3.wxs.aliquot_ensemble_masked.maf.gz
59339970-dcc3-4b6c-bce5-cb6448170c1b	0e9593d3-994f-45ed-af55-577c1bfbf7c8.wxs.aliquot_ensemble_masked.maf.gz
0ba7dbf0-2634-4340-8d26-f182c3665a7d	ddcc2fd9-c351-4632-921e-5a9d0464c2a5.wxs.aliquot_ensemble_masked.maf.gz
db8e00e7-5ad7-4fb7-81e7-beabe6700c5f	b91dfde6-87fb-4a9f-8aac-07e02098d860.wxs.aliquot_ensemble_masked.maf.gz
6f30cf5c-d490-4bd2-bad1-37e18979888a	aa17d1ba-3fa8-4679-b700-3e7a8bf7f45b.wxs.aliquot_ensemble_masked.maf.gz
3ce8a2ab-0b1d-4375-99a6-362fe3c7fbbd	9513e562-9db9-48e1-8287-534b1ac23544.wxs.aliquot_ensemble_masked.maf.gz
0c088dc0-a88b-4a2b-b063-56ac05cc2e81	2bac6293-bbc5-497f-b167-b9d136a7baa8.wxs.aliquot_ensemble_masked.maf.gz
2ecec5c0-eb4f-4a29-9de2-63b0d3bc743f	26cc9fa4-a92b-41f5-830f-c5333eac4365.wxs.aliquot_ensemble_masked.maf.gz
726c4d16-23fb-412c-90e0-1388a1bf55e1	80334a86-3498-4e73-bd8b-8afcfae51ddf.wxs.aliquot_ensemble_masked.maf.gz
b5437fa8-d470-4b69-b53e-c3c187b3a79e	5af9475d-ad77-4393-a262-06fb775d6c01.wxs.aliquot_ensemble_masked.maf.gz
3b0339db-235b-411b-8954-5504b38896b9	b7cbda3e-a159-4d46-a4bb-52e4c6a4bdbd.wxs.aliquot_ensemble_masked.maf.gz
a7c18e08-bb81-4201-b497-03fef3a45ed2	3471a0e7-e840-47f6-8efd-ecf5bbe28987.wxs.aliquot_ensemble_masked.maf.gz
c1e449cd-167f-41bf-9a90-f1426c88e1da	21b53a70-5a74-49b3-bf88-957cded57e82.wxs.aliquot_ensemble_masked.maf.gz
895ed862-fb75-45eb-8251-a503fc5e3af2	4eba2e38-67a5-4bc2-a1e5-a29f44156a59.wxs.aliquot_ensemble_masked.maf.gz
a75e3445-1617-494d-ac38-71e781f0f1c7	f23b4acf-62d8-4d13-b9fd-af057efe30e4.wxs.aliquot_ensemble_masked.maf.gz
7147b412-20da-4617-93db-29578230b4af	42c632bc-1a83-49b5-8a58-dcbd452aa967.wxs.aliquot_ensemble_masked.maf.gz
268d3f56-e3e4-446b-a783-1af4e5061661	a98ddc58-96ef-4278-bf6d-43521099a344.wxs.aliquot_ensemble_masked.maf.gz
ccb0546a-7557-44e6-8fbd-39df6c72e998	526a5161-6921-4c86-9c96-629573f09efd.wxs.aliquot_ensemble_masked.maf.gz
4e44c528-4c1a-4707-984f-a976c433628f	5ff85c14-6433-4173-bfa1-2214d92a6482.wxs.aliquot_ensemble_masked.maf.gz
f9337f7b-8de7-4bbf-b999-11897ddf1156	dcf24b26-a9ba-4523-bd10-56a5c6bd3a70.wxs.aliquot_ensemble_masked.maf.gz
f625525a-8b3c-4e8f-b600-730b3648c166	ac31a6af-cd18-489d-8f66-4578d4020c28.wxs.aliquot_ensemble_masked.maf.gz
119683b6-76c0-4d07-93d4-9139375d9556	cef89c20-5cd4-41e4-941c-9d0d9be013f9.wxs.aliquot_ensemble_masked.maf.gz
a05cc25a-f110-4410-8f60-ec64b8b848c3	11453881-ef25-4187-af52-a687736c02f0.wxs.aliquot_ensemble_masked.maf.gz
28689bdd-855b-43f4-b8da-fc625b8321a9	567aae04-131f-4f4f-9c0c-080c0971d931.wxs.aliquot_ensemble_masked.maf.gz
376e0df4-6287-4ef6-8af5-f7f4f0285e1c	27e2a3e4-854b-414d-8f1f-2d3682a4e897.wxs.aliquot_ensemble_masked.maf.gz
a06d22e0-4cbb-4bd7-ad0f-e08c1f5ac64a	c3a4473b-398f-410c-940e-66e6b43792ef.wxs.aliquot_ensemble_masked.maf.gz
463e5386-ef24-48ae-b39c-4c13ab36e6be	23d0de5d-9159-4edb-969e-efb3e580e56e.wxs.aliquot_ensemble_masked.maf.gz
6a8c1df6-1e97-42ba-9cf6-429307324d55	b0fbcc5a-9946-497e-85e1-0bcce29e2bb0.wxs.aliquot_ensemble_masked.maf.gz
3307d2d2-5e85-4dfa-8458-959837cab5e1	5bdffdc6-ab76-468b-ab2e-dc69f3e8620c.wxs.aliquot_ensemble_masked.maf.gz
c05b85da-cbbf-4bd5-a253-449272fd61a8	d1a3419b-b929-4247-83a1-afd68a3a233e.wxs.aliquot_ensemble_masked.maf.gz
050b0844-ba9b-4257-8f83-f68f054f67ab	4f0437f4-be61-4881-8f74-fe88e4cc4ed3.wxs.aliquot_ensemble_masked.maf.gz
7fd0843f-92c9-4e4f-b75e-d351758a2070	455d4d85-b525-458c-ae66-61782f685527.wxs.aliquot_ensemble_masked.maf.gz
07d5681a-c07b-4a25-bfc3-c8b56e36445c	781eaeea-7011-4738-84ec-da4e8534af1d.wxs.aliquot_ensemble_masked.maf.gz
9d968a88-d8e1-44bb-a72b-caf60dccd001	2d08add4-14c6-4cce-9232-07d7a1c7b290.wxs.aliquot_ensemble_masked.maf.gz
4b2e43e5-e9c7-478f-ac1c-cc5494b5cc8f	213c9ec5-b8c5-4885-a56b-9c2eb790e018.wxs.aliquot_ensemble_masked.maf.gz
c68dd550-fd19-4323-9d07-6387be57ee96	addc7bff-7f2f-41ea-800e-e66ce8734f28.wxs.aliquot_ensemble_masked.maf.gz
d413c741-61a3-4635-9873-ca37b12af6c4	09403493-a14f-46c3-8d89-4b7b5ac407b1.wxs.aliquot_ensemble_masked.maf.gz
f1efa2b4-7be6-44db-8eb1-52acf869b6e0	fe6029e2-872b-44b4-a22b-1a9fc0e33739.wxs.aliquot_ensemble_masked.maf.gz
6008513a-7173-4acb-b77d-33218c1275ad	2a7f21af-fa1d-4d2f-903c-f449b88cc442.wxs.aliquot_ensemble_masked.maf.gz
e6eba534-2f5c-4001-a45f-aedea1b56a81	1da0bfb1-2d97-46f0-8936-5f994af9c44d.wxs.aliquot_ensemble_masked.maf.gz
9ea07ea8-c64e-4236-897b-13006bcda9f2	b8e06bde-d36d-418c-bcee-6f03708def99.wxs.aliquot_ensemble_masked.maf.gz
e2c19b73-08e1-4dde-bfa3-a97313c2051c	8ab41759-32a6-4b72-911f-507260ed2c9a.wxs.aliquot_ensemble_masked.maf.gz
97982caa-ba03-49c0-a7f9-0b9baadab62a	ea61015d-0596-4683-b19a-4f693a38a97c.wxs.aliquot_ensemble_masked.maf.gz
aac15f05-c0d9-4ec5-9c0f-9f52ea9175cf	e90dde05-c6b2-4e76-8eef-0e5ecc25bdbc.wxs.aliquot_ensemble_masked.maf.gz
a73e30b7-55b7-4465-9132-4bfadfcaf372	22e9286d-c0d8-443e-8de8-65fbcf4903cd.wxs.aliquot_ensemble_masked.maf.gz
4ea9860a-b1c6-435b-a9f1-964ac7e77793	b92a1403-9236-4afb-b55d-0de75270aba1.wxs.aliquot_ensemble_masked.maf.gz
10c0500e-d828-4c4b-b574-2035ead37702	3722e40f-ae0a-4d22-b64b-5aae459ac112.wxs.aliquot_ensemble_masked.maf.gz
c1b30b2d-d92e-4d52-90f1-846bf9f5dba9	b7179d2e-e846-4247-a963-c960ea4511c8.wxs.aliquot_ensemble_masked.maf.gz
87f38292-1424-4c71-a878-6410ff23e88f	a07cd798-794d-4e32-8afb-1dcf7a436a83.wxs.aliquot_ensemble_masked.maf.gz
0da50c40-ffa7-4bfc-8e87-02d456940500	285301af-26df-4d59-991a-5933938f9a38.wxs.aliquot_ensemble_masked.maf.gz
c212ca6c-4b04-40fb-ab4c-203f544cd337	25578ff6-f477-4506-89ab-52018cd75aef.wxs.aliquot_ensemble_masked.maf.gz
d8a4a3fa-c99f-4e5f-aea7-98d4d6791bd0	cf8a9954-172b-4c31-8dbd-068a01d1e7f5.wxs.aliquot_ensemble_masked.maf.gz
abc142f9-f8e9-4d09-a9ee-7692ab6f3118	f7e11ca6-a95d-4340-9d01-4c697899cdc1.wxs.aliquot_ensemble_masked.maf.gz
80033295-4cbb-4276-80a1-0cdebf93fbd6	231d8ad3-1bf2-4171-aed4-863667c7a41f.wxs.aliquot_ensemble_masked.maf.gz
a617ea8d-9067-47d2-bea1-e6bcd10659b8	591a8236-b11b-46c4-99d8-eb142dfbf6c0.wxs.aliquot_ensemble_masked.maf.gz
04b50865-c367-44be-8288-3c5464135074	32131c87-c7db-41cc-990c-f62e1788ad0d.wxs.aliquot_ensemble_masked.maf.gz
178d9508-7d4d-4e62-b88a-83029c289c15	32df12e5-0d0e-408e-9ee3-58cbf99e66be.wxs.aliquot_ensemble_masked.maf.gz
29447f6e-930e-4538-a469-b20dd40ef845	8d486da5-c534-46de-894e-d96980f71dee.wxs.aliquot_ensemble_masked.maf.gz
29eb1aa5-1358-43cd-a53a-8cad3837e688	2bafa95b-ff5b-45d0-b1c7-e3ab5b0aa7c0.wxs.aliquot_ensemble_masked.maf.gz
debfd306-2fa3-4675-a9a0-dd4db98010a9	4aee0fff-4d4b-4074-96ce-0f78c3a8810a.wxs.aliquot_ensemble_masked.maf.gz
e2b7b02a-9b6b-43cc-a430-f18b565e8a20	a0723267-c2a2-4d20-8398-c50828b6f46d.wxs.aliquot_ensemble_masked.maf.gz
8a6d9946-9ac1-4924-9d24-f8a7e0fbcf72	1d2d325a-9f06-4f14-9ed1-db7e3f203117.wxs.aliquot_ensemble_masked.maf.gz
d4e5b954-7314-4b14-b328-c5d6fd8a0e6d	dab11a85-66c1-4473-87e5-d10236d308fb.wxs.aliquot_ensemble_masked.maf.gz
c2da598c-2663-437d-847b-e0ae228c60fb	3445d00a-6639-4730-b12a-b7f9e225b32c.wxs.aliquot_ensemble_masked.maf.gz
fd852a09-d4fc-48a7-a58f-5b515420af36	b25916cd-80ce-49fc-874c-2d26e5db6d0d.wxs.aliquot_ensemble_masked.maf.gz
68212b71-6b6f-4825-91f5-80ee54a7f679	674ea8d3-9ab3-4f82-99e3-3fe2481e756c.wxs.aliquot_ensemble_masked.maf.gz
1b4b6b87-378a-4901-b977-9b572b6a823f	0e04cf94-b259-4de3-b601-f34041282fe5.wxs.aliquot_ensemble_masked.maf.gz
f1b5c106-1005-4566-9333-73a15d148823	bb79aaa7-4bdb-4a97-ab9a-5f8703101bc9.wxs.aliquot_ensemble_masked.maf.gz
f3eb5735-f240-4024-ba48-9036aa5049b3	8ac0b413-d138-4acf-b5aa-cbba131cde2c.wxs.aliquot_ensemble_masked.maf.gz
70ccbc99-2137-4eb2-8466-dfc50ca0cb00	11ca7d53-61bd-4567-8e24-0712bf71a43b.wxs.aliquot_ensemble_masked.maf.gz
aa1d3843-145a-4e36-9494-86eb54c0bcf8	a2eae656-2df6-40df-bc06-478163e5bdab.wxs.aliquot_ensemble_masked.maf.gz
12e50a65-f017-45a8-b176-10ceb6e8d754	12c2f455-6d68-4a09-9cda-c38dfacc5824.wxs.aliquot_ensemble_masked.maf.gz
f9588875-a849-4a35-a90d-d96d402c3a88	83a6a9b7-fb06-41a6-b299-2d75adaf8528.wxs.aliquot_ensemble_masked.maf.gz
5d72331e-bf31-49b2-9564-0f64dac55943	3dd81d97-d573-4c22-b9a6-87304f937c86.wxs.aliquot_ensemble_masked.maf.gz
754193ef-252a-4e6e-a409-fd18e5c204f8	1e1db7e6-ca67-4c95-b9ca-824ecb607bd9.wxs.aliquot_ensemble_masked.maf.gz
132cd160-b702-47f4-a6a7-6e9c02c26586	7a55ad7e-8bb0-4260-9eb9-1f12ae28e24c.wxs.aliquot_ensemble_masked.maf.gz
7da26466-6b9e-483d-af5b-94803e6e4a51	9bec378d-6375-4b08-9b90-e50d095e07e6.wxs.aliquot_ensemble_masked.maf.gz
3d39851c-b7e3-4b8e-a3ea-da1a307eb6fe	16aa8b2b-9ec5-4a55-8c41-45245a48e055.wxs.aliquot_ensemble_masked.maf.gz
7cc6c97b-1e0d-497e-9d18-fce6c24fb7dd	5c5b5776-e87b-4a6d-881b-e0c4ecd38af6.wxs.aliquot_ensemble_masked.maf.gz
e1a1d03d-5947-4489-81a5-ac3ddfc18fe0	4f60cd9d-87fc-421e-aa75-7effba2fadef.wxs.aliquot_ensemble_masked.maf.gz
772f526f-f372-485c-a15b-4837826c1446	4abb8190-8ea6-4b4b-8fd3-5d4d3c33e2bf.wxs.aliquot_ensemble_masked.maf.gz
486638dd-8f27-41f1-b922-a8af2521204c	4d870d17-e65b-4d9e-82de-0f6cdbcd55a3.wxs.aliquot_ensemble_masked.maf.gz
76fb3ed7-96c6-497f-8a8b-3253c0d2f3da	48330638-0c8a-4ddd-81fc-7ed215d1869b.wxs.aliquot_ensemble_masked.maf.gz
c8cfc1c7-eba1-44d1-824e-a64c61d071b5	6af1bbd2-79d9-4a1f-b527-ef6d0177e37c.wxs.aliquot_ensemble_masked.maf.gz
590f514e-a6a5-4a9c-a653-5709525281ea	413940e1-c35b-41ca-a381-381deff762f9.wxs.aliquot_ensemble_masked.maf.gz
42a46e5a-09e0-48ae-85e4-8dcc09785753	d0d1e5e7-26c5-4b5b-b4c5-7e47b41d4c42.wxs.aliquot_ensemble_masked.maf.gz
1feeceed-eebc-4e63-a927-967957966279	233bcb50-adfa-42f6-a9ff-7ee44cc44d3d.wxs.aliquot_ensemble_masked.maf.gz
3e4ee4d8-83e1-4045-9e90-dc98ac3224b3	ecfd1158-6ba8-44a3-b0e1-a557190df23c.wxs.aliquot_ensemble_masked.maf.gz
6675f6b0-85f2-4520-aa9a-b1701b23736a	876e80f1-3c84-4649-b922-493d3f894786.wxs.aliquot_ensemble_masked.maf.gz
14e8ffd2-f531-4120-87f8-82f33d934692	cab1757b-8756-4c73-81d9-8d3d390cbeda.wxs.aliquot_ensemble_masked.maf.gz
b3778951-657a-4b5b-8820-f115c0969dc3	33ffac91-52e1-468f-a5e2-d1e17d206147.wxs.aliquot_ensemble_masked.maf.gz
a8c70d6b-6eea-40aa-8125-ff5186e8706f	e8285c1d-f550-402b-9280-7e3ca9c9db03.wxs.aliquot_ensemble_masked.maf.gz
178421c1-a911-4404-81ce-83f399e6e4f8	54cf6411-680d-4de6-b98e-46b9021ace6f.wxs.aliquot_ensemble_masked.maf.gz
c53f2c29-fa87-40cd-a7b8-da1ea85523c5	f160b20c-f7d3-406e-90e0-2406cb7ab41d.wxs.aliquot_ensemble_masked.maf.gz
060badaa-6432-4366-a372-f42985923d07	3addff79-e536-4bbc-8529-a30c0e8b5b83.wxs.aliquot_ensemble_masked.maf.gz
f6d87a44-2ad8-42e6-aeae-f14e1c584b3a	d81816b6-49c1-4f0e-9798-5e50a0d44582.wxs.aliquot_ensemble_masked.maf.gz
db36d7f8-cde3-4218-bcc7-ab991f76306c	e331344f-d81a-4abc-a4e6-918566451b65.wxs.aliquot_ensemble_masked.maf.gz
1ce62e4b-ba0b-4410-a508-569d44de1f4b	7bba1178-a1a8-4f9e-9ef3-ad41003065f5.wxs.aliquot_ensemble_masked.maf.gz
dcc7b0a6-7b05-4fa1-8dbc-72cb9188a548	7b413fc5-9285-4a73-93d6-7e09afd478d0.wxs.aliquot_ensemble_masked.maf.gz
14634f3e-3e1a-45db-8f70-0861a361b6aa	49c7ed58-80e9-4cae-924b-6887da02522c.wxs.aliquot_ensemble_masked.maf.gz
7649191a-1cc7-4936-907e-9e6f9e0529bf	46771022-a605-4e9f-96b5-ba2c3cb7c47f.wxs.aliquot_ensemble_masked.maf.gz
b883874a-5435-4fa9-af0d-42bf7056184c	ca88b9f7-4be5-4972-9635-7e1e0daffd87.wxs.aliquot_ensemble_masked.maf.gz
a1db85df-3a19-415e-a683-113cf66f5e1c	3d9e5bdf-3ea1-4e25-b7cd-bf799b4394b7.wxs.aliquot_ensemble_masked.maf.gz
df9d3002-d7e2-4134-9fe0-622601e81127	90f9b25b-9148-45a6-831d-ef73be8653d0.wxs.aliquot_ensemble_masked.maf.gz
2c2f463b-28fd-44e5-94e4-a3562fdb221e	7eee3182-a4c8-4ccb-9894-547dd9a7111a.wxs.aliquot_ensemble_masked.maf.gz
3a79de6c-d4e3-4ca5-b862-8800f01d9116	dc65e332-d7be-47f1-9fa0-b9933bc8873e.wxs.aliquot_ensemble_masked.maf.gz
059df941-5be5-4118-a3ce-03b8eda4d9e4	d040d578-1baf-46e8-8d98-1d2b89a94141.wxs.aliquot_ensemble_masked.maf.gz
5cf7ffbe-9065-4f37-a1ca-b5df87434265	061b49bc-0a5e-4801-bfaf-88ca7231feef.wxs.aliquot_ensemble_masked.maf.gz
51371120-76d8-4bd2-857d-2bc06c574ad6	acda5160-7899-4a50-88ed-418d55adaea7.wxs.aliquot_ensemble_masked.maf.gz
4d2b3e1f-f8d0-4188-b3bf-7f2ea01620e3	7a9a3cf4-4c75-4c90-beac-eccefc9690da.wxs.aliquot_ensemble_masked.maf.gz
c9bc7ccd-e3e7-417a-beca-c1ed91c33975	ddb9bc44-165f-4704-9e92-5da47e89b3e7.wxs.aliquot_ensemble_masked.maf.gz
fd818188-0e89-4961-ac1a-e4e490746d17	6646a893-e711-476f-96f3-461c8045aaf5.wxs.aliquot_ensemble_masked.maf.gz
a066b306-49fe-47c4-a19f-f86f40ada4d5	efd20b42-06c3-4d61-96f2-430d60ac65f2.wxs.aliquot_ensemble_masked.maf.gz
c3cc60c0-f902-4da8-b5fe-282004a710b0	2df6bd0b-430b-4804-a673-9439102f66bd.wxs.aliquot_ensemble_masked.maf.gz
cc865108-ace4-4af8-87bc-ad7b3f7b0d2a	3497b579-9a79-4507-94f8-d6f99ef06327.wxs.aliquot_ensemble_masked.maf.gz
ed2b0997-51ad-44b3-b865-9872bbdfeaac	42cc08c5-3e5b-415f-af35-0643fcb9329e.wxs.aliquot_ensemble_masked.maf.gz
972f35c2-a12e-4f0f-8603-d62c736d76b5	68e4c04d-ce04-4ca0-81d6-78e684174317.wxs.aliquot_ensemble_masked.maf.gz
c551e781-f69d-4cd8-b85f-41e6f50e7ebe	64749795-d448-4308-b810-0db71295f28c.wxs.aliquot_ensemble_masked.maf.gz
76dce8cc-38ff-4ddf-8272-0e405d82f63a	704a5661-837d-4d33-9c3f-aab8c05b7967.wxs.aliquot_ensemble_masked.maf.gz
de00c77e-335d-443d-877e-7e39f17b55ee	a88e0400-57c1-4a4b-a2bd-8aab4c106ccc.wxs.aliquot_ensemble_masked.maf.gz
a042668f-e877-4eee-9540-f14ded1fed45	5ddbdc9e-468e-4d98-bddd-3dd0d4c73be3.wxs.aliquot_ensemble_masked.maf.gz
ad708c2d-e1b7-4e08-be32-b71c26310c41	3cfdf0dc-e83a-4001-87d6-89d570936fcc.wxs.aliquot_ensemble_masked.maf.gz
1309f4e1-0533-4d1c-aefb-1657da687007	e2b214ff-9f66-49c3-b4e6-540c7c4d9b89.wxs.aliquot_ensemble_masked.maf.gz
6bd62e34-5534-4ee0-b69b-c40ab757489d	c7ee3e85-75fb-4fe9-ae51-97d149781b26.wxs.aliquot_ensemble_masked.maf.gz
1c932ec8-5d1f-4a48-9dbe-cc61c6dd93bb	9088478f-0a26-44e3-af3c-ec2c80bbae26.wxs.aliquot_ensemble_masked.maf.gz
e83b9578-ff82-4210-9468-64c792876884	1d5f2b7e-98c9-4bd1-b139-fd1a21747056.wxs.aliquot_ensemble_masked.maf.gz
6c4ea4ee-dcfc-4481-80ed-c146c2ff9818	a8f2869c-be4d-4112-8508-9de3d1141105.wxs.aliquot_ensemble_masked.maf.gz
4f412ba5-ecf7-4c9a-80a5-4250f6400957	8892a894-2f26-45a0-bd4d-40324e92186e.wxs.aliquot_ensemble_masked.maf.gz
9f22ba12-9cf9-4b68-9561-8096d2d46355	9c5a8417-312f-4584-abb8-2afc0ff976f5.wxs.aliquot_ensemble_masked.maf.gz
c637fff5-ea5c-4339-948a-269ff75d1899	211adb3c-94b0-4103-87ef-26a3e2b047ef.wxs.aliquot_ensemble_masked.maf.gz
7e89e242-69ef-4c82-8069-460a36bed8e1	23472ce9-116c-46b6-812c-5fdf93d253e4.wxs.aliquot_ensemble_masked.maf.gz
1da591c2-45a1-4912-99ef-d797969bedad	a7582bc7-5fbf-41d4-b50a-635838ca7404.wxs.aliquot_ensemble_masked.maf.gz
5624dbfa-bf03-47ec-a7fd-d19af4e38b37	75cf81f2-5099-430a-b26b-a684a9433c7d.wxs.aliquot_ensemble_masked.maf.gz
2af73f9c-cbf2-4796-815a-13e66d7e41f0	df70268e-35b9-432f-bffa-f30fc2ac687f.wxs.aliquot_ensemble_masked.maf.gz
a594321c-a1aa-45c7-8460-ee554b75c97e	c714f92e-558d-4f85-8994-7382693f7cdf.wxs.aliquot_ensemble_masked.maf.gz
7014fc4d-6f54-410c-ac28-4d2cc231ed8c	10adc108-a762-4cba-8379-5ddbbefe439d.wxs.aliquot_ensemble_masked.maf.gz
35b78980-8e78-4d69-881e-66188ec1e6b3	115a1cb7-19e4-40d3-b239-c019fbc78a15.wxs.aliquot_ensemble_masked.maf.gz
